Pacient,Poly.T,CFTR_mutace
1," 7T,10TG ; 7T,11TG ",c.[=];[=]
2," 7T,10TG ; 7T,11TG ",c.[=];[=]
3," 7T,11TG ; 7T,10TG ",c.[=];[=]
4," 7T,11TG ; - ",c.[=];[=]
5," 7T,10TG ; 7T,11TG ",c.[=];[=]
6," 7T,11TG ; - ",c.[=];[=]
7," 7T,10TG ; 7T,11TG ",c.[=];[=]
8," 7T,11TG ; - ",c.[=];[=]
9," 7T,10TG ; 9T,10TG ",c.[=];[=]
10," 9T,10TG ; 7T,12TG ",c.[=];[=]
11," 7T,10TG ; 7T,11TG ",c.[=];[=]
12," 7T,11TG ; - ",c.[=];[=]
13," 7T,10TG ; - ",c.[=];[=]
14," 7T,10TG ; 7T,11TG ",c.[=];[=]
15," 7T,11TG ; 7T,12TG ",c.[=];[=]
16," 7T,12TG ; - ",c.[=];[=]
17," 7T,11TG ; 7T,12TG ",c.[=];[=]
18," 7T,10TG ; 9T,10TG ",c.[1521_1523delCTT];[=]
19," 7T,11TG ; - ",c.[=];[=]
20," 7T,10TG ; 5T,11TG ",c.[=];[=]
21," 7T,10TG ; 7T,11TG ",c.[=];[=]
22," 7T,11TG ; 7T,12TG ",c.[=];[=]
23," 7T,10TG ; 7T,12TG ",c.[=];[=]
24," 7T,10TG ; 7T,11TG ",c.[=];[=]
25," 7T,11TG ; - ",c.[=];[=]
26," 7T,10TG ; 7T,11TG ",c.[=];[=]
27," 7T,11TG ; 7T,12TG ",c.[=];[=]
28," 7T,11TG ; 7T,12TG ",c.[=];[=]
29," 7T,10TG ; 7T,11TG ",c.[=];[=]
30," 9T,10TG ; 7T,11TG ",c.[=];[=]
31," 7T,10TG ; 7T,11TG ",c.[=];[=]
32," 7T,11TG ; - ",c.[=];[=]
33," 7T,11TG ; 5T,12TG ",c.[=];[=]
34," 7T,11TG ; - ",c.[=];[=]
35," 7T,11TG ; 7T,12TG ",c.[=];[=]
36," 7T,11TG ; - ",c.[=];[=]
37," 9T,10TG ; 7T,11TG ",c.[=];[=]
38," 7T,10TG ; 7T,11TG ",c.[=];[=]
39," 7T,10TG ; 7T,11TG ",c.[=];[=]
40," 7T,11TG ; 5T,11TG ",c.[=];[=]
41," 7T,10TG ; 7T,11TG ",c.[=];[=]
42," 7T,10TG ; 7T,11TG ",c.[=];[=]
43," 7T,11TG ; 7T,12TG ",c.[=];[=]
44," 7T,11TG ; - ",c.[=];[=]
45," 7T,10TG ; 7T,11TG ",c.[=];[=]
46," 7T,10TG ; - ",c.[=];[=]
47," 7T,11TG ; 7T,12TG ",c.[=];[=]
48," 7T,10TG ; 7T,11TG ",c.[=];[=]
49," 7T,11TG ; - ",c.[1306C>T];[1306C=]
50," 7T,11TG ; - ",c.[=];[=]
51," 7T,11TG ; - ",c.[=];[=]
52," 7T,11TG ; - ",c.[=];[=]
53," 7T,10TG ; - ",c.[=];[=]
54," 7T,10TG ; 9T,10TG ",c.[=];[=]
55," 7T,11TG ; 7T,12TG ",c.[=];[=]
56," 7T,10TG ; 7T,11TG ",c.[=];[=]
57," 9T,10TG ; 7T,11TG ",c.[=];[=]
58," 9T,10TG ; 7T,11TG ",c.[=];[=]
59," 7T,10TG ; 7T,11TG ",c.[=];[=]
60," 7T,11TG ; - ",c.[=];[=]
61," 7T,10TG ; - ",c.[=];[=]
62," 7T,11TG ; - ",c.[=];[=]
63," 7T,11TG ; - ",c.[=];[=]
64," 7T,11TG ; 9T,11TG ",c.[=];[=]
65," 7T,11TG ; - ",c.[=];[=]
66," 7T,11TG ; 9T,10TG ",c.[1521_1523delCTT];[=]
67," 7T,11TG ; - ",c.[=];[=]
68," 5T,11TG ; 7T,11TG ",c.[=];[=]
69," 7T,11TG ; 5T,11TG ",c.[=];[=]
70," 7T,11TG ; 9T,11TG ",c.[=];[=]
71," 7T,10TG ; 7T,11TG ",c.[=];[=]
72," 7T,11TG ; 7T,12TG ",c.[=];[=]
73," 7T,11TG ; - ",c.[=];[=]
74," 7T,11TG ; 7T,12TG ",c.[3674C>T];[=]
75," 9T,10TG ; 7T,10TG ",c.[=];[=]
76," 9T,11TG ; 7T,11TG ",c.[=];[=]
77," 7T,11TG ; 7T,12TG ",c.[2017G>A];[=]
78," 7T,11TG ; 9T,11TG ",c.[=];[=]
79," 7T,10TG ; 9T,10TG ",c.[=];[=]
80," 7T,10TG ; 7T,12TG ",c.[=];[=]
81," 7T,10TG ; - ",c.[=];[=]
82," 7T,11TG ; 7T,12TG ",c.[=];[=]
83," 7T,11TG ; 9T,11TG ",c.[=];[=]
84," 7T,10TG ; 9T,10TG ",c.[=];[=]
85," 7T,10TG ; 7T,11TG ",c.[=];[=]
86," 7T,11TG ; - ",c.[=];[=]
87," 7T,11TG ; 7T,12TG ",c.[=];[=]
88," 7T,10TG ; 7T,11TG ",c.[=];[=]
89," 7T,10TG ; 7T,12TG ",c.[=];[=]
90," 7T,11TG ; - ",c.[=];[=]
91," 7T,10TG ; 7T,12TG ",c.[=];[=]
92," 7T,10TG ; - ",c.[=];[=]
93," 7T,11TG ; 5T,11TG ",c.[=];[=]
94," 7T,11TG ; 9T,10TG ",c.[=];[=]
95," 7T,10TG ; 7T,11TG ",c.[=];[=]
96," 7T,10TG ; 7T,11TG ",c.[=];[=]
97," 7T,12TG ; 9T,10TG ",c.[=];[=]
98," 7T,10TG ; 7T,11TG ",c.[=];[=]
99," 7T,11TG ; 5T,11TG ",c.[=];[=]
100," 9T,10TG ; - ",c.[1521_1523delCTT];[=]
101," 7T,10TG ; 7T,12TG ",c.[=];[=]
102," 7T,11TG ; - ",c.[=];[=]
103," 7T,10TG ; - ",c.[=];[=]
104," 7T,11TG ; - ",c.[=];[=]
105," 7T,10TG ; 9T,11TG ",c.[=];[=]
106," 7T,11TG ; - ",c.[=];[=]
107," 7T,11TG ; 7T,12TG ",c.[1492A>G];[=]
108," 7T,11TG ; - ",c.[3642T>A];[=]
109," 7T,11TG ; - ",c.[=];[=]
110," 7T,10TG ; 7T,11TG ",c.[=];[=]
111," 7T,10TG ; - ",c.[1492A>G];[=]
112," 7T,11TG ; - ",c.[=];[=]
113," 7T,10TG ; - ",c.[=];[=]
114," 7T,11TG ; 9T,10TG ",c.[489+1G>T];[=]
115," 7T,11TG ; - ",c.[=];[=]
116," 9T,10TG ; 7T,11TG ",c.[1521_1523delCTT];[=]
117," 7T,10TG ; 7T,11TG ",c.[=];[=]
118," 9T,10TG ; 7T,11TG ",c.[=];[=]
119," 7T,11TG ; - ",c.[=];[=]
120," 7T,11TG ; - ",c.[=];[=]
121," 7T,11TG ; - ",c.[=];[=]
122," 7T,10TG ; 7T,12TG ",c.[=];[=]
123," 7T,11TG ; 5T,11TG ",c.[=];[=]
124," 7T,10TG ; 5T,11TG ",c.[=];[=]
125," 9T,10TG ; 7T,10TG ",c.[3909C>G];[=]
126," 7T,11TG ; - ",c.[=];[=]
127," 7T,11TG ; 7T,12TG ",c.[=];[=]
128," 7T,11TG ; - ",c.[=];[=]
129," 7T,11TG ; - ",c.[54-5940_273+10250del21kb];[=]
130," 7T,11TG ; 7T,12TG ",c.[=];[=]
131," 7T,11TG ; 7T,12TG ",c.[=];[=]
132," 7T,11TG ; - ",c.[=];[=]
133," 7T,11TG ; 7T,12TG ",c.[=];[=]
134," 7T,11TG ; - ",c.[=];[=]
135," 7T,11TG ; - ",c.[=];[=]
136," 7T,11TG ; 7T,10TG ",c.[=];[=]
137," 7T,10TG ; 7T,11TG ",c.[=];[=]
138," 7T,10TG ; 7T,11TG ",c.[=];[=]
139," 7T,10TG ; 7T,12TG ",c.[=];[=]
140," 7T,11TG ; 5T,12TG ",c.[=];[=]
141," 7T,11TG ; 7T,12TG ",c.[=];[=]
142," 7T,10TG ; 9T,10TG ",c.[=];[=]
143," 7T,11TG ; - ",c.[=];[=]
144," 7T,11TG ; - ",c.[=];[=]
145," 7T,12TG ; 5T,12TG ",c.[=];[=]
146," 7T,11TG ; - ",c.[=];[=]
147," 7T,11TG ; 5T,12TG ",c.[=];[=]
148," 7T,11TG ; 7T,12TG ",c.[=];[=]
149," 7T,10TG ; 7T,11TG ",c.[=];[=]
150," 7T,11TG ; - ",c.[=];[=]
151," 7T,11TG ; - ",c.[=];[=]
152," 5T,11TG ; 7T,11TG ",c.[=];[=]
153," 7T,10TG ; 7T,11TG ",c.[=];[=]
154," 7T,11TG ; 7T,12TG ",c.[=];[=]
155," 7T,11TG ; - ",c.[=];[=]
156," 7T,10TG ; - ",c.[=];[=]
157," 7T,11TG ; - ",c.[=];[=]
158," 7T,11TG ; - ",c.[=];[=]
159," 7T,10TG ; 7T,11TG ",c.[=];[=]
160," 7T,10TG ; 6T,12TG ",c.[=];[=]
161," 7T,10TG ; 7T,11TG ",c.[=];[=]
162," 7T,11TG ; 5T,11TG ",c.[=];[=]
163," 7T,11TG ; - ",c.[=];[=]
164," 7T,11TG ; - ",c.[=];[=]
165," 7T,11TG ; - ",c.[=];[=]
166," 7T,10TG ; 9T,10TG ",c.[=];[=]
167," 7T,10TG ; 9T,10TG ",c.[=];[=]
168," 7T,10TG ; 7T,11TG ",c.[3154T>G];[=]
169," 7T,11TG ; 7T,12TG ",c.[=];[=]
170," 7T,10TG ; 9T,11TG ",c.[=];[=]
171," 9T,11TG ; 7T,12TG ",c.[1210 -2A>C];[=]
172," 7T,10TG ; 9T,10TG ",c.[=];[=]
173," 7T,10TG ; 7T,11TG ",c.[249C>G];[=]
174," 7T,11TG ; 5T,11TG ",c.[=];[=]
175," 7T,11TG ; - ",c.[=];[=]
176," 7T,11TG ; 7T,12TG ",c.[=];[=]
177," 7T,11TG ; 7T,12TG ",c.[=];[=]
178," 9T,10TG ; 7T,11TG ",c.[=];[=]
179," 7T,11TG ; - ",c.[=];[=]
180," 7T,11TG ; 9T,11TG ",c.[=];[=]
181," 7T,11TG ; 7T,12TG ",c.[=];[=]
182," 9T,10TG ; 7T,12TG ",c.[=];[=]
183," 7T,11TG ; 7T,12TG ",c.[=];[=]
184," 7T,10TG ; 7T,11TG ",c.[=];[=]
185," 7T,10TG ; 7T,11TG ",c.[=];[=]
186," 9T,10TG ; 7T,11TG ",c.[=];[=]
187," 7T,10TG ; 7T,12TG ",c.[=];[=]
188," 7T,11TG ; - ",c.[=];[=]
189," 7T,11TG ; 7T,12TG ",c.[=];[=]
190," 7T,10TG ; 7T,11TG ",c.[=];[=]
191," 7T,10TG ; 7T,11TG ",c.[=];[=]
192," 7T,11TG ; - ",c.[=];[=]
193," 7T,11TG ; - ",c.[=];[=]
194," 7T,11TG ; 7T,12TG ",c.[=];[=]
195," 7T,11TG ; - ",c.[=];[=]
196," 7T,10TG ; 7T,12TG ",c.[=];[=]
197," 7T,10TG ; - ",c.[=];[=]
198," 7T,11TG ; - ",c.[=];[=]
199," 7T,11TG ; - ",c.[=];[=]
200," 7T,11TG ; - ",c.[=];[=]
201," 7T,11TG ; 7T,12TG ",c.[=];[=]
202," 7T,10TG ; 7T,11TG ",c.[=];[=]
203," 7T,11TG ; 7T,12TG ",c.[=];[=]
204," 7T,10TG ; 7T,11TG ",c.[=];[=]
205," 9T,10TG ; 7T,11TG ",c.[=];[=]
206," 7T,10TG ; - ",c.[=];[=]
207," 7T,11TG ; - ",c.[=];[=]
208," 7T,10TG ; 7T,11TG ",c.[=];[=]
209," 7T,11TG ; 7T,12TG ",c.[=];[=]
210," 7T,10TG ; 7T,12TG ",c.[=];[=]
211," 7T,11TG ; - ",c.[=];[=]
212," 7T,11TG ; - ",c.[=];[=]
213," 7T,10TG ; 7T,11TG ",c.[=];[=]
214," 7T,11TG ; - ",c.[=];[=]
215," 9T,10TG ; 7T,12TG ",c.[=];[=]
216," 7T,10TG ; 7T,11TG ",c.[=];[=]
217," 7T,10TG ; - ",c.[=];[=]
218," 7T,12TG ; - ",c.[=];[=]
219," 7T,10TG ; 7T,11TG ",c.[=];[=]
220," 7T,10TG ; 7T,11TG ",c.[=];[=]
221," 7T,10TG ; 7T,11TG ",c.[=];[=]
222," 7T,10TG ; - ",c.[=];[=]
223," 7T,10TG ; 7T,11TG ",c.[=];[=]
224," 9T,10TG ; 7T,10TG ",c.[=];[=]
225," 7T,11TG ; - ",c.[=];[=]
226," 7T,10TG ; 7T,11TG ",c.[=];[=]
227," 7T,12TG ; - ",c.[=];[=]
228," 9T,10TG ; 7T,12TG ",c.[=];[=]
229," 7T,11TG ; 7T,12TG ",c.[=];[=]
230," 7T,11TG ; - ",c.[=];[=]
231," 7T,11TG ; - ",c.[=];[=]
232," 7T,10TG ; 7T,11TG ",c.[=];[=]
233," 7T,11TG ; - ",c.[=];[=]
234," 7T,11TG ; - ",c.[=];[=]
235," 9T,10TG ; 5T,11TG ",c.[=];[=]
236," 7T,11TG ; - ",c.[=];[=]
237," 7T,11TG ; - ",c.[=];[=]
238," 9T,10TG ; 7T,11TG ",c.[=];[=]
239," 7T,11TG ; - ",c.[=];[=]
240," 7T,11TG ; - ",c.[=];[=]
241," 7T,10TG ; 7T,11TG ",c.[3528delC];[=]
242," 7T,11TG ; - ",c.[=];[=]
243," 7T,10TG ; 7T,11TG ",c.[=];[=]
244," 9T,10TG ; - ",c.[=];[=]
245," 7T,11TG ; - ",c.[=];[=]
246," 7T,10TG ; 7T,11TG ",c.[=];[=]
247," 9T,11TG ; 7T,11TG ",c.[=];[=]
248," 7T,10TG ; 7T,11TG ",c.[=];[=]
249," 9T,11TG ; 7T,12TG ",c.[=];[=]
250," 7T,11TG ; - ",c.[=];[=]
251," 7T,10TG ; 7T,11TG ",c.[=];[=]
252," 7T,11TG ; - ",c.[=];[=]
253," 9T,10TG ; 7T,12TG ",c.[=];[=]
254," 7T,11TG ; - ",c.[=];[=]
255," 7T,10TG ; 7T,11TG ",c.[=];[=]
256," 9T,10TG ; 7T,11TG ",c.[=];[=]
257," 7T,10TG ; 7T,11TG ",c.[=];[=]
258," 9T,10TG ; - ",c.[1521_1523delCTT];[=]
259," 7T,10TG ; - ",c.[=];[=]
260," 7T,11TG ; - ",c.[=];[=]
261," 7T,11TG ; 7T,12TG ",c.[=];[=]
262," 5T,11TG ; 7T,11TG ",c.[=];[=]
263," 7T,10TG ; 7T,11TG ",c.[=];[=]
264," 7T,10TG ; 9T,10TG ",c.[=];[=]
265," 7T,11TG ; 7T,12TG ",c.[=];[=]
266," 7T,11TG ; - ",c.[=];[=]
267," 9T,10TG ; 7T,11TG ",c.[3415A>G];[=]
268," 7T,11TG ; - ",c.[=];[=]
269," 7T,11TG ; - ",c.[=];[=]
270," 9T,10TG ; 7T,10TG ",c.[=];[=]
271," 7T,10TG ; 7T,12TG ",c.[650A>G];[=]
272," 7T,12TG ; - ",c.[=];[=]
273," 7T,11TG ; 7T,12TG ",c.[=];[=]
274," 7T,10TG ; 7T,11TG ",c.[=];[=]
275," 7T,11TG ; - ",c.[=];[=]
276," 7T,10TG ; 7T,11TG ",c.[=];[=]
277," 7T,11TG ; - ",c.[=];[=]
278," 7T,10TG ; 7T,11TG ",c.[=];[=]
279," 9T,10TG ; 7T,11TG ",c.[3877G>A];[=]
280," 7T,10TG ; 7T,11TG ",c.[=];[=]
281," 7T,11TG ; - ",c.[=];[=]
282," 9T,10TG ; 7T,11TG ",c.[=];[=]
283," 9T,10TG ; 7T,12TG ",c.[=];[=]
284," 7T,11TG ; - ",c.[=];[=]
285," 7T,11TG ; 7T,12TG ",c.[=];[=]
286," 7T,11TG ; 7T,12TG ",c.[3454G>C];[=]
287," 7T,11TG ; 7T,12TG ",c.[=];[=]
288," 7T,11TG ; 7T,12TG ",c.[=];[=]
289," 9T,11TG ; 7T,11TG ",c.[=];[=]
290," 7T,10TG ; 7T,11TG ",c.[=];[=]
291," 7T,10TG ; 7T,11TG ",c.[=];[=]
292," 5T,11TG ; 7T,10TG ",c.[=];[=]
293," 7T,10TG ; 7T,11TG ",c.[=];[=]
294," 7T,10TG ; 7T,11TG ",c.[=];[=]
295," 7T,11TG ; 7T,12TG ",c.[=];[=]
296," 7T,11TG ; - ",c.[=];[=]
297," 7T,11TG ; - ",c.[=];[=]
298," 7T,10TG ; 7T,11TG ",c.[=];[=]
299," 7T,11TG ; - ",c.[=];[=]
300," 7T,11TG ; - ",c.[54-5940_273+10250del21kb];[=]
301," 7T,10TG ; 7T,11TG ",c.[=];[=]
302," 7T,11TG ; - ",c.[2900T>C];[=]
303," 7T,10TG ; 7T,11TG ",c.[=];[=]
304," 7T,11TG ; - ",c.[=];[=]
305," 7T,11TG ; - ",c.[=];[=]
306," 7T,11TG ; 7T,12TG ",c.[=];[=]
307," 7T,10TG ; 7T,11TG ",c.[=];[=]
308," 9T,10TG ; 7T,11TG ",c.[=];[=]
309," 7T,10TG ; 7T,11TG ",c.[=];[=]
310," 7T,11TG ; - ",c.[=];[=]
311," 9T,11TG ; 7T,11TG ",c.[=];[=]
312," 9T,10TG ; 7T,10TG ",c.[1521_1523delCTT];[=]
313," 7T,12TG ; - ",c.[=];[=]
314," 7T,12TG ; 6T,13TG ",c.[=];[=]
315," 7T,10TG ; 7T,11TG ",c.[=];[=]
316," 7T,11TG ; - ",c.[=];[=]
317," 7T,10TG ; 7T,12TG ",c.[=];[=]
318," 7T,10TG ; 7T,11TG ",c.[=];[=]
319," 7T,11TG ; - ",c.[=];[=]
320," 9T,11TG ; 7T,11TG ",c.[=];[=]
321," 7T,10TG ; 7T,11TG ",c.[=];[=]
322," 7T,11TG ; - ",c.[=];[=]
323," 7T,11TG ; - ",c.[=];[=]
324," 7T,10TG ; 7T,11TG ",c.[=];[=]
325," 7T,11TG ; - ",c.[=];[=]
326," 7T,12TG ; - ",c.[=];[=]
327," 7T,10TG ; - ",c.[=];[=]
328," 7T,11TG ; 7T,12TG ",c.[=];[=]
329," 7T,12TG ; - ",c.[=];[=]
330," 7T,11TG ; 7T,12TG ",c.[=];[=]
331," 7T,11TG ; - ",c.[=];[=]
332," 7T,10TG ; - ",c.[=];[=]
333," 7T,12TG ; - ",c.[=];[=]
334," 9T,10TG ; 7T,11TG ",c.[=];[=]
335," 7T,11TG ; 7T,12TG ",c.[=];[=]
336," 7T,11TG ; 7T,12TG ",c.[=];[=]
337," 7T,11TG ; 7T,12TG ",c.[=];[=]
338," 9T,10TG ; 7T,11TG ",c.[=];[=]
339," 7T,11TG ; - ",c.[=];[=]
340," 7T,10TG ; 5T,12TG ",c.[=];[=]
341," 7T,11TG ; 7T,12TG ",c.[=];[=]
342," 7T,11TG ; 9T,10TG ",c.[=];[=]
343," 7T,10TG ; 7T,11TG ",c.[=];[=]
344," 7T,10TG ; 7T,11TG ",c.[=];[=]
345," 7T,11TG ; - ",c.[=];[=]
346," 7T,11TG ; - ",c.[=];[=]
347," 7T,11TG ; - ",c.[=];[=]
348," 7T,11TG ; 7T,12TG ",c.[=];[=]
349," 7T,11TG ; - ",c.[1043T>A];[=]
350," 7T,10TG ; 5T,12TG ",c.[=];[=]
351," 7T,11TG ; - ",c.[=];[=]
352," 9T,11TG ; 7T,12TG ",c.[=];[=]
353," 7T,10TG ; 7T,11TG ",c.[=];[=]
354," 7T,10TG ; 7T,11TG ",c.[=];[=]
355," 7T,10TG ; 7T,11TG ",c.[=];[=]
356," 7T,10TG ; 7T,11TG ",c.[=];[=]
357," 7T,11TG ; - ",c.[=];[=]
358," 7T,11TG ; - ",c.[=];[=]
359," 7T,10TG ; - ",c.[=];[=]
360," 7T,11TG ; - ",c.[=];[=]
361," 7T,11TG ; - ",c.[=];[=]
362," 9T,10TG ; 7T,11TG ",c.[=];[=]
363," 7T,11TG ; 7T,12TG ",c.[=];[=]
364," 7T,11TG ; - ",c.[=];[=]
365," 7T,11TG ; 7T,12TG ",c.[650A>G(;)c.3154T>G]
366," 7T,11TG ; - ",c.[=];[=]
367," 7T,10TG ; 5T,11TG ",c.[=];[=]
368," 7T,11TG ; - ",c.[=];[=]
369," 7T,10TG ; 7T,11TG ",c.[=];[=]
370," 7T,10TG ; 7T,11TG ",c.[=];[=]
371," 7T,11TG ; - ",c.[=];[=]
372," 9T,10TG ; - ",c.[=];[=]
373," 7T,11TG ; - ",c.[=];[=]
374," 7T,11TG ; 7T,12TG ",c.[=];[=]
375," 7T,10TG ; 7T,11TG ",c.[=];[=]
376," 7T,11TG ; 7T,12TG ",c.[=];[=]
377," 9T,10TG ; 7T,11TG ",c.[=];[=]
378," 7T,11TG ; - ",c.[=];[=]
379," 7T,11TG ; 7T,12TG ",c.[=];[=]
380," 7T,11TG ; - ",c.[=];[=]
381," 9T,10TG ; 7T,12TG ",c.[=];[=]
382," 9T,10TG ; 7T,11TG ",c.[=];[=]
383," 7T,11TG ; - ",c.[=];[=]
384," 7T,11TG ; - ",c.[=];[=]
385," 7T,11TG ; - ",c.[=];[=]
386," 7T,11TG ; 9T,10TG ",c.[=];[=]
387," 7T,11TG ; - ",c.[=];[=]
388," 7T,11TG ; - ",c.[=];[=]
389," 7T,10TG ; 7T,12TG ",c.[=];[=]
390," 7T,11TG ; - ",c.[=];[=]
391," 7T,11TG ; - ",c.[=];[=]
392," 7T,11TG ; - ",c.[=];[=]
393," 9T,10TG ; 7T,11TG ",c.[92G>A];[=]
394," 7T,11TG ; 7T,12TG ",c.[=];[=]
395," 7T,11TG ; 7T,12TG ",c.[=];[=]
396," 7T,11TG ; - ",c.[=];[=]
397," 5T,11TG ; 7T,11TG ",c.[=];[=]
398," 7T,11TG ; - ",c.[=];[=]
399," 7T,10TG ; - ",c.[=];[=]
400," 7T,11TG ; - ",c.[=];[=]
401," 9T,10TG ; 7T,12TG ",c.[=];[=]
402," 7T,11TG ; 7T,12TG ",c.[1163C>T];[=]
403," 7T,10TG ; 9T,11TG ",c.[=];[=]
404," 7T,11TG ; - ",c.[=];[=]
405," 9T,11TG ; 5T,12TG ",c.[=];[=]
406," 7T,10TG ; 7T,11TG ",c.[=];[=]
407," 7T,10TG ; 7T,12TG ",c.[=];[=]
408," 7T,10TG ; 5T,11TG ",c.[=];[=]
409," 7T,11TG ; - ",c.[=];[=]
410," 7T,11TG ; - ",c.[=];[=]
411," 7T,11TG ; - ",c.[=];[=]
412," 7T,11TG ; 7T,12TG ",c.[=];[=]
413," 7T,11TG ; 7T,12TG ",c.[=];[=]
414," 7T,11TG ; 7T,12TG ",c.[=];[=]
415," 7T,10TG ; 7T,11TG ",c.[=];[=]
416," 7T,11TG ; 7T,12TG ",c.[=];[=]
417," 7T,11TG ; 9T,10TG ",c.[=];[=]
418," 7T,10TG ; 7T,11TG ",c.[=];[=]
419," 7T,11TG ; 9T,11TG ",c.[=];[=]
420," 7T,10TG ; 7T,12TG ",c.[=];[=]
421," 7T,11TG ; 7T,12TG ",c.[=];[=]
422," 7T,11TG ; - ",c.[=];[=]
423," 7T,11TG ; - ",c.[=];[=]
424," 7T,11TG ; - ",c.[=];[=]
425," 7T,11TG ; - ",c.[=];[=]
426," 7T,11TG ; - ",c.[=];[=]
427," 9T,10TG ; 7T,10TG ",c.[=];[=]
428," 7T,10TG ; 7T,11TG ",c.[=];[=]
429," 7T,10TG ; 7T,11TG ",c.[=];[=]
430," 7T,10TG ; 7T,11TG ",c.[=];[=]
431," 7T,10TG ; 7T,11TG ",c.[=];[=]
432," 7T,10TG ; 5T,11TG ",c.[=];[=]
433," 7T,11TG ; - ",c.[=];[=]
434," 7T,11TG ; - ",c.[=];[=]
435," 7T,12TG ; - ",c.[=];[=]
436," 7T,10TG ; 7T,11TG ",c.[=];[=]
437," 7T,11TG ; - ",c.[=];[=]
438," 7T,10TG ; 7T,11TG ",c.[=];[=]
439," 7T,11TG ; 7T,12TG ",c.[=];[=]
440," 7T,10TG ; 9T,10TG ",c.[3909C>G];[=]
441," 7T,11TG ; - ",c.[=];[=]
442," 7T,11TG ; 7T,12TG ",c.[=];[=]
443," 7T,10TG ; 9T,10TG ",c.[=];[=]
444," 7T,11TG ; 7T,12TG ",c.[=];[=]
445," 7T,11TG ; 7T,12TG ",c.[=];[=]
446," 7T,11TG ; - ",c.[=];[=]
447," 7T,11TG ; - ",c.[=];[=]
448," 7T,11TG ; 7T,12TG ",c.[=];[=]
449," 7T,11TG ; - ",c.[=];[=]
450," 7T,11TG ; - ",c.[=];[=]
451," 7T,11TG ; - ",c.[=];[=]
452," 7T,11TG ; 7T,12TG ",c.[=];[=]
453," 7T,11TG ; - ",c.[=];[=]
454," 7T,11TG ; 7T,12TG ",c.[1666A>G];[=]
455," 7T,10TG ; 7T,11TG ",c.[=];[=]
456," 7T,11TG ; 5T,11TG ",c.[=];[=]
457," 9T,11TG ; 7T,11TG ",c.[=];[=]
458," 7T,11TG ; - ",c.[=];[=]
459," 7T,10TG ; 7T,11TG ",c.[=];[=]
460," 7T,11TG ; - ",c.[=];[=]
461," 7T,10TG ; 7T,11TG ",c.[=];[=]
462," 7T,11TG ; - ",c.[=];[=]
463," 7T,11TG ; - ",c.[=];[=]
464," 7T,11TG ; 7T,12TG ",c.[=];[=]
465," 7T,10TG ; 7T,12TG ",c.[=];[=]
466," 9T,11TG ; 7T,12TG ",c.[=];[=]
467," 9T,11TG ; 7T,11TG ",c.[=];[=]
468," 7T,10TG ; 7T,11TG ",c.[=];[=]
469," 7T,10TG ; 7T,12TG ",c.[=];[=]
470," 9T,11TG ; 7T,11TG ",c.[=];[=]
471," 7T,11TG ; - ",c.[=];[=]
472," 7T,10TG ; 7T,11TG ",c.[=];[=]
473," 7T,10TG ; 9T,10TG ",c.[1521_1523delCTT];[=]
474," 7T,10TG ; 7T,12TG ",c.[=];[=]
475," 7T,11TG ; - ",c.[=];[=]
476," 7T,11TG ; 7T,12TG ",c.[54-5940_273+10250del21kb];[=]
477," 7T,10TG ; 7T,12TG ",c.[=];[=]
478," 9T,10TG ; 7T,11TG ",c.[=];[=]
479," 9T,10TG ; 7T,11TG ",c.[1521_1523delCTT];[=]
480," 9T,10TG ; - ",c.[1521_1523delCTT];[=]
481," 7T,10TG ; 7T,12TG ",c.[=];[=]
482," 7T,10TG ; 7T,11TG ",c.[=];[=]
483," 7T,11TG ; - ",c.[=];[=]
484," 7T,11TG ; - ",c.[=];[=]
485," 7T,11TG ; - ",c.[=];[=]
486," 7T,11TG ; 7T,12TG ",c.[=];[=]
487," 7T,10TG ; 7T,11TG ",c.[=];[=]
488," 7T,11TG ; - ",c.[=];[=]
489," 7T,10TG ; 7T,11TG ",c.[=];[=]
490," 7T,11TG ; - ",c.[=];[=]
491," 9T,10TG ; 7T,11TG ",c.[=];[=]
492," 7T,10TG ; 7T,11TG ",c.[=];[=]
493," 9T,10TG ; 7T,11TG ",c.[=];[=]
494," 7T,10TG ; - ",c.[=];[=]
495," 7T,10TG ; 9T,10TG ",c.[=];[=]
496," 7T,11TG ; 7T,12TG ",c.[=];[=]
497," 7T,11TG ; - ",c.[=];[=]
498," 7T,10TG ; 7T,11TG ",c.[=];[=]
499," 7T,11TG ; - ",c.[=];[=]
500," 7T,10TG ; 7T,11TG ",c.[=];[=]
501," 7T,11TG ; 9T,11TG ",c.[=];[=]
502," 7T,11TG ; - ",c.[=];[=]
503," 9T,10TG ; 9T,11TG ",c.[=];[=]
504," 7T,10TG ; - ",c.[31G>A];[=]
505," 9T,11TG ; 9T,10TG ",c.[=];[=]
506," 7T,11TG ; - ",c.[=];[=]
507," 7T,11TG ; 7T,12TG ",c.[=];[=]
508," 7T,11TG ; 7T,12TG ",c.[=];[=]
509," 9T,10TG ; - ",c.[=];[=]
510," 7T,11TG ; 9T,10TG ",c.[1521_1523delCTT];[=]
511," 7T,11TG ; - ",c.[220C>T(;)3808G>A]
512," 9T,10TG ; 7T,12TG ",c.[1397C>G(;)3209G>A]
513," 7T,10TG ; 7T,12TG ",c.[=];[=]
514," 7T,10TG ; 7T,11TG ",c.[=];[=]
515," 9T,10TG ; 7T,11TG ",c.[=];[=]
516," 7T,11TG ; 7T,12TG ",c.[=];[=]
517," 7T,10TG ; - ",c.[=];[=]
518," 7T,10TG ; - ",c.[=];[=]
519," 7T,10TG ; 7T,11TG ",c.[=];[=]
520," 9T,11TG ; 7T,11TG ",c.[=];[=]
521," 7T,10TG ; 7T,11TG ",c.[=];[=]
522," 7T,10TG ; 7T,11TG ",c.[=];[=]
523," 7T,10TG ; 7T,11TG ",c.[=];[=]
524," 7T,10TG ; 7T,11TG ",c.[=];[=]
525," 7T,11TG ; - ",c.[=];[=]
526," 7T,11TG ; - ",c.[=];[=]
527," 7T,11TG ; - ",c.[=];[=]
528," 7T,10TG ; 7T,11TG ",c.[=];[=]
529," 7T,12TG ; - ",c.[=];[=]
530," 7T,10TG ; 7T,11TG ",c.[=];[=]
531," 7T,11TG ; - ",c.[3145T>G];[=]
532," 7T,12TG ; - ",c.[650A>G];[=]
533," 7T,11TG ; - ",c.[=];[=]
534," 7T,11TG ; - ",c.[=];[=]
535," 7T,11TG ; - ",c.[=];[=]
536," 7T,11TG ; - ",c.[=];[=]
537," 7T,10TG ; - ",c.[=];[=]
538," 9T,10TG ; 7T,11TG ",c.[=];[=]
539," 7T,11TG ; 5T,11TG ",c.[=];[=]
540," 7T,10TG ; 5T,11TG ",c.[=];[=]
541," 7T,10TG ; 7T,11TG ",c.[=];[=]
542," 9T,10TG ; - ",c.[=];[=]
543," 7T,10TG ; 7T,11TG ",c.[=];[=]
544," 7T,11TG ; 9T,10TG ",c.[=];[=]
545," 7T,11TG ; - ",c.[=];[=]
546," 7T,11TG ; 7T,12TG ",c.[=];[=]
547," 7T,11TG ; - ",c.[=];[=]
548," 7T,11TG ; 5T,11TG ",c.[=];[=]
549," 7T,11TG ; - ",c.[=];[=]
550," 7T,11TG ; 7T,12TG ",c.[=];[=]
551," 7T,11TG ; - ",c.[=];[=]
552," 7T,10TG ; 7T,11TG ",c.[=];[=]
553," 7T,10TG ; 7T,11TG ",c.[=];[=]
554," 7T,11TG ; - ",c.[=];[=]
555," 9T,10TG ; - ",c.[=];[=]
556," 7T,11TG ; - ",c.[=];[=]
557," 7T,11TG ; - ",c.[=];[=]
558," 7T,10TG ; 7T,11TG ",c.[=];[=]
559," 7T,11TG ; - ",c.[=];[=]
560," 7T,11TG ; - ",c.[=];[=]
561," 9T,10TG ; 5T,11TG ",c.[1521_1523delCTT];[=]
562," 9T,11TG ; 7T,11TG ",c.[=];[=]
563," 7T,11TG ; 7T,12TG ",c.[=];[=]
564," 7T,11TG ; 7T,12TG ",c.[=];[=]
565," 7T,11TG ; - ",c.[=];[=]
566," 7T,11TG ; 7T,12TG ",c.[=];[=]
567," 7T,10TG ; 7T,11TG ",c.[=];[=]
568," 7T,10TG ; - ",c.[=];[=]
569," 7T,11TG ; 9T,10TG ",c.[=];[=]
570," 7T,10TG ; 7T,11TG ",c.[=];[=]
571," 7T,11TG ; - ",c.[=];[=]
572," 7T,10TG ; - ",c.[=];[=]
573," 7T,10TG ; 9T,10TG ",c.[=];[=]
574," 7T,11TG ; 7T,12TG ",c.[3705T>G];[=]
575," 7T,11TG ; - ",c.[=];[=]
576," 7T,10TG ; 7T,12TG ",c.[=];[=]
577," 7T,11TG ; 7T,12TG ",c.[=];[=]
578," 9T,11TG ; 7T,11TG ",c.[=];[=]
579," 7T,11TG ; - ",c.[=];[=]
580," 7T,12TG ; 9T,11TG ",c.[=];[=]
581," 7T,11TG ; - ",c.[=];[=]
582," 7T,10TG ; 7T,11TG ",c.[=];[=]
583," 9T,10TG ; 7T,11TG ",c.[=];[=]
584," 9T,10TG ; 7T,12TG ",c.[=];[=]
585," 7T,10TG ; 7T,11TG ",c.[=];[=]
586," 7T,10TG ; 7T,11TG ",c.[=];[=]
587," 7T,11TG ; - ",c.[=];[=]
588," 7T,11TG ; - ",c.[=];[=]
589," 7T,10TG ; 7T,11TG ",c.[=];[=]
590," 7T,10TG ; 7T,11TG ",c.[=];[=]
591," 7T,11TG ; 7T,12TG ",c.[=];[=]
592," 7T,10TG ; 7T,11TG ",c.[=];[=]
593," 7T,11TG ; - ",c.[=];[=]
594," 7T,10TG ; 7T,12TG ",c.[=];[=]
595," 9T,11TG ; 7T,12TG ",c.[=];[=]
596," 7T,11TG ; - ",c.[=];[=]
597," 7T,10TG ; 7T,11TG ",c.[=];[=]
598," 7T,10TG ; 7T,12TG ",c.[=];[=]
599," 9T,10TG ; 7T,10TG ",c.[=];[=]
600," 9T,10TG ; 7T,11TG ",c.[=];[=]
601," 7T,11TG ; - ",c.[=];[=]
602," 7T,10TG ; 7T,11TG ",c.[=];[=]
603," 7T,11TG ; - ",c.[=];[=]
604," 7T,11TG ; - ",c.[=];[=]
605," 7T,11TG ; - ",c.[=];[=]
606," 7T,10TG ; 7T,11TG ",c.[=];[=]
607," 7T,11TG ; 9T,10TG ",c.[=];[=]
608," 7T,11TG ; - ",c.[=];[=]
609," 7T,10TG ; 9T,10TG ",c.[=];[=]
610," 7T,10TG ; 7T,11TG ",c.[=];[=]
611," 7T,11TG ; 9T,11TG ",c.[=];[=]
612," 7T,11TG ; 7T,12TG ",c.[=];[=]
613," 7T,10TG ; 7T,11TG ",c.[=];[=]
614," 7T,10TG ; 7T,12TG ",c.[=];[=]
615," 7T,10TG ; - ",c.[=];[=]
616," 7T,11TG ; 5T,12TG ",c.[=];[=]
617," 7T,11TG ; 7T,12TG ",c.[=];[=]
618," 7T,10TG ; 7T,12TG ",c.[=];[=]
619," 7T,10TG ; 9T,10TG ",c.[=];[=]
620," 7T,11TG ; - ",c.[=];[=]
621," 7T,11TG ; - ",c.[=];[=]
622," 7T,11TG ; - ",c.[=];[=]
623," 7T,12TG ; - ",c.[=];[=]
624," 7T,10TG ; 9T,10TG ",c.[=];[=]
625," 7T,11TG ; 7T,12TG ",c.[=];[=]
626," 7T,11TG ; 7T,12TG ",c.[=];[=]
627," 7T,11TG ; - ",c.[=];[=]
628," 7T,10TG ; 5T,11TG ",c.[=];[=]
629," 7T,10TG ; 7T,11TG ",c.[=];[=]
630," 9T,10TG ; 9T,11TG ",c.[=];[=]
631," 7T,10TG ; 7T,11TG ",c.[=];[=]
632," 7T,10TG ; 7T,11TG ",c.[=];[=]
633," 7T,12TG ; - ",c.[=];[=]
634," 7T,10TG ; 7T,11TG ",c.[=];[=]
635," 7T,11TG ; 7T,12TG ",c.[=];[=]
636," 7T,10TG ; 7T,11TG ",c.[=];[=]
637," 7T,10TG ; 7T,12TG ",c.[=];[=]
638," 7T,11TG ; - ",c.[=];[=]
639," 7T,11TG ; 9T,11TG ",c.[=];[=]
640," 7T,10TG ; 7T,11TG ",c.[=];[=]
641," 9T,10TG ; 7T,10TG ",c.[=];[=]
642," 5T,12TG ; 7T,12TG ",c.[=];[=]
643," 7T,11TG ; 5T,11TG ",c.[=];[=]
644," 7T,11TG ; 7T,12TG ",c.[=];[=]
645," 7T,12TG ; - ",c.[=];[=]
646," 7T,12TG ; - ",c.[=];[=]
647," 7T,10TG ; 7T,11TG ",c.[=];[=]
648," 7T,11TG ; - ",c.[=];[=]
649," 7T,10TG ; 7T,11TG ",c.[=];[=]
650," 7T,11TG ; - ",c.[=];[=]
651," 9T,10TG ; 7T,12TG ",c.[=];[=]
652," 7T,10TG ; - ",c.[=];[=]
653," 5T,11TG ; 7T,11TG ",c.[=];[=]
654," 7T,10TG ; 7T,11TG ",c.[=];[=]
655," 7T,11TG ; - ",c.[=];[=]
656," 7T,11TG ; - ",c.[=];[=]
657," 7T,10TG ; 7T,11TG ",c.[=];[=]
658," 7T,11TG ; - ",c.[=];[=]
659," 7T,11TG ; 7T,12TG ",c.[=];[=]
660," 9T,10TG ; 7T,11TG ",c.[=];[=]
661," 7T,11TG ; 5T,11TG ",c.[=];[=]
662," 7T,10TG ; 7T,11TG ",c.[=];[=]
663," 7T,11TG ; 7T,12TG ",c.[=];[=]
664," 7T,11TG ; - ",c.[=];[=]
665," 7T,11TG ; - ",c.[=];[=]
666," 9T,10TG ; 7T,10TG ",c.[=];[=]
667," 7T,10TG ; 7T,11TG ",c.[=];[=]
668," 7T,11TG ; - ",c.[=];[=]
669," 7T,11TG ; - ",c.[=];[=]
670," 7T,11TG ; 7T,12TG ",c.[=];[=]
671," 7T,11TG ; 7T,12TG ",c.[=];[=]
672," 5T,11TG ; 7T,11TG ",c.[=];[=]
673," 9T,10TG ; 7T,11TG ",c.[=];[=]
674," 7T,10TG ; 7T,11TG ",c.[=];[=]
675," 7T,10TG ; 7T,12TG ",c.[=];[=]
676," 7T,10TG ; 7T,11TG ",c.[=];[=]
677," 7T,11TG ; 5T,11TG ",c.[=];[=]
678," 7T,10TG ; 7T,11TG ",c.[=];[=]
679," 7T,11TG ; - ",c.[=];[=]
680," 9T,10TG ; - ",c.[2991G>C];[=]
681," 7T,11TG ; 7T,12TG ",c.[=];[=]
682," 7T,11TG ; 5T,11TG ",c.[=];[=]
683," 7T,10TG ; 7T,11TG ",c.[=];[=]
684," 9T,10TG ; 7T,12TG ",c.[1521_1523delCTT];[=]
685," 9T,10TG ; 7T,11TG ",c.[2991G>C];[=]
686," 7T,11TG ; - ",c.[=];[=]
687," 7T,10TG ; 7T,11TG ",c.[=];[=]
688," 7T,11TG ; 7T,12TG ",c.[=];[=]
689," 7T,10TG ; 7T,11TG ",c.[=];[=]
690," 7T,11TG ; 7T,12TG ",c.[=];[=]
691," 9T,11TG ; 7T,12TG ",c.[=];[=]
692," 7T,11TG ; - ",c.[=];[=]
693," 9T,10TG ; 7T,11TG ",c.[=];[=]
694," 7T,10TG ; 5T,11TG ",c.[=];[=]
695," 7T,11TG ; 9T,10TG ",c.[=];[=]
696," 7T,11TG ; - ",c.[=];[=]
697," 7T,11TG ; 5T,12TG ",c.[=];[=]
698," 7T,10TG ; 7T,12TG ",c.[=];[=]
699," 7T,11TG ; - ",c.[=];[=]
700," 9T,10TG ; 7T,11TG ",c.[=];[=]
701," 7T,11TG ; 7T,12TG ",c.[=];[=]
702," 9T,10TG ; 7T,10TG ",c.[=];[=]
703," 7T,11TG ; - ",c.[=];[=]
704," 7T,11TG ; - ",c.[=];[=]
705," 7T,11TG ; - ",c.[=];[=]
706," 7T,10TG ; - ",c.[=];[=]
707," 7T,10TG ; 7T,11TG ",c.[=];[=]
708," 7T,11TG ; - ",c.[=];[=]
709," 7T,11TG ; 7T,12TG ",c.[=];[=]
710," 9T,10TG ; 7T,11TG ",c.[=];[=]
711," 7T,11TG ; - ",c.[=];[=]
712," 7T,10TG ; 7T,12TG ",c.[=];[=]
713," 9T,10TG ; 5T,11TG ",c.[=];[=]
714," 5T,11TG ; 7T,11TG ",c.[=];[=]
715," 7T,10TG ; 7T,11TG ",c.[350G>A];[=]
716," 7T,11TG ; - ",c.[=];[=]
717," 9T,10TG ; 7T,11TG ",c.[=];[=]
718," 7T,10TG ; 7T,11TG ",c.[=];[=]
719," 7T,10TG ; 7T,11TG ",c.[=];[=]
720," 7T,10TG ; 7T,11TG ",c.[=];[=]
721," 7T,10TG ; 9T,10TG ",c.[=];[=]
722," 7T,11TG ; 7T,12TG ",c.[=];[=]
723," 7T,10TG ; 7T,11TG ",c.[=];[=]
724," 7T,11TG ; - ",c.[=];[=]
725," 7T,10TG ; 7T,12TG ",c.[=];[=]
726," 7T,11TG ; - ",c.[=];[=]
727," 7T,11TG ; - ",c.[=];[=]
728," 7T,11TG ; - ",c.[=];[=]
729," 9T,10TG ; 7T,12TG ",c.[=];[=]
730," 7T,10TG ; 7T,11TG ",c.[=];[=]
731," 7T,11TG ; - ",c.[=];[=]
732," 7T,11TG ; - ",c.[=];[=]
733," 7T,10TG ; 7T,12TG ",c.[=];[=]
734," 9T,11TG ; 7T,12TG ",c.[=];[=]
735," 7T,11TG ; - ",c.[=];[=]
736," 7T,11TG ; - ",c.[=];[=]
737," 7T,10TG ; 7T,12TG ",c.[=];[=]
738," 9T,11TG ; 7T,11TG ",c.[=];[=]
739," 7T,11TG ; - ",c.[=];[=]
740," 7T,10TG ; 7T,12TG ",c.[=];[=]
741," 7T,10TG ; 5T,12TG ",c.[=];[=]
742," 7T,11TG ; - ",c.[=];[=]
743," 5T,11TG ; 7T,11TG ",c.[=];[=]
744," 7T,10TG ; 9T,10TG ",c.[=];[=]
745," 7T,11TG ; - ",c.[4296delinsCGA];[=]
746," 7T,11TG ; 7T,12TG ",c.[=];[=]
747," 7T,10TG ; 7T,11TG ",c.[1652G>A(;)2249C>T]
748," 9T,10TG ; 7T,12TG ",c.[=];[=]
749," 7T,11TG ; 9T,10TG ",c.[2991G>C];[=]
750," 7T,11TG ; - ",c.[=];[=]
751," 7T,10TG ; 7T,11TG ",c.[=];[=]
752," 7T,10TG ; 7T,11TG ",c.[=];[=]
753," 7T,10TG ; 7T,11TG ",c.[=];[=]
754," 7T,11TG ; - ",c.[=];[=]
755," 9T,10TG ; 7T,11TG ",c.[=];[=]
756," 7T,10TG ; 7T,11TG ",c.[=];[=]
757," 7T,10TG ; 7T,11TG ",c.[=];[=]
758," 7T,10TG ; 5T,11TG ",c.[=];[=]
759," 7T,11TG ; 9T,10TG ",c.[1521_1523delCTT];[=]
760," 7T,11TG ; 9T,11TG ",c.[=];[=]
761," 7T,10TG ; 7T,11TG ",c.[=];[=]
762," 7T,10TG ; 7T,12TG ",c.[=];[=]
763," 7T,10TG ; 9T,10TG ",c.[=];[=]
764," 7T,11TG ; 7T,12TG ",c.[=];[=]
765," 7T,10TG ; 7T,11TG ",c.[=];[=]
766," 7T,11TG ; 5T,12TG ",c.[=];[=]
767," 7T,11TG ; - ",c.[=];[=]
768," 7T,11TG ; - ",c.[=];[=]
769," 7T,10TG ; 7T,11TG ",c.[=];[=]
770," 9T,10TG ; 7T,11TG ",c.[1521_1523delCTT];[=]
771," 7T,11TG ; 6T,12TG ",c.[=];[=]
772," 7T,11TG ; - ",c.[=];[=]
773," 7T,11TG ; 5T,11TG ",c.[=];[=]
774," 7T,10TG ; 7T,11TG ",c.[=];[=]
775," 7T,11TG ; - ",c.[=];[=]
776," 7T,10TG ; 7T,11TG ",c.[=];[=]
777," 9T,10TG ; 7T,11TG ",c.[=];[=]
778," 7T,11TG ; - ",c.[=];[=]
779," 9T,10TG ; 7T,11TG ",c.[=];[=]
780," 9T,11TG ; 5T,11TG ",c.[=];[=]
781," 7T,11TG ; - ",c.[=];[=]
782," 7T,10TG ; - ",c.[=];[=]
783," 7T,10TG ; 7T,11TG ",c.[=];[=]
784," 7T,10TG ; 7T,11TG ",c.[=];[=]
785," 7T,11TG ; 5T,11TG ",c.[=];[=]
786," 7T,12TG ; - ",c.[=];[=]
787," 7T,10TG ; 7T,11TG ",c.[=];[=]
788," 7T,10TG ; 7T,11TG ",c.[=];[=]
789," 7T,10TG ; 7T,11TG ",c.[=];[=]
790," 7T,11TG ; 7T,12TG ",c.[=];[=]
791," 9T,11TG ; 7T,11TG ",c.[=];[=]
792," 7T,11TG ; 9T,11TG ",c.[=];[=]
793," 7T,11TG ; - ",c.[=];[=]
794," 7T,11TG ; 7T,12TG ",c.[=];[=]
795," 7T,10TG ; 7T,11TG ",c.[=];[=]
796," 9T,11TG ; 7T,12TG ",c.[1657C>T];[=]
797," 7T,12TG ; - ",c.[=];[=]
798," 7T,11TG ; 7T,12TG ",c.[=];[=]
799," 7T,10TG ; 7T,11TG ",c.[=];[=]
800," 9T,11TG ; 7T,11TG ",c.[=];[=]
801," 7T,11TG ; 7T,12TG ",c.[=];[=]
802," 9T,9TG ; 7T,11TG ",c.[1043T>A];[=]
803," 7T,10TG ; 7T,12TG ",c.[=];[=]
804," 7T,10TG ; 7T,11TG ",c.[=];[=]
805," 7T,11TG ; 7T,12TG ",c.[=];[=]
806," 7T,10TG ; 9T,10TG ",c.[=];[=]
807," 7T,10TG ; 7T,11TG ",c.[=];[=]
808," 7T,10TG ; 7T,12TG ",c.[=];[=]
809," 7T,11TG ; 7T,12TG ",c.[=];[=]
810," 5T,12TG ; 7T,12TG ",c.[=];[=]
811," 7T,11TG ; - ",c.[=];[=]
812," 7T,10TG ; 7T,12TG ",c.[=];[=]
813," 7T,11TG ; 5T,12TG ",c.[=];[=]
814," 9T,10TG ; 7T,12TG ",c.[=];[=]
815," 7T,11TG ; - ",c.[=];[=]
816," 9T,10TG ; 7T,10TG ",c.[1521_1523delCTT];[=]
817," 7T,11TG ; - ",c.[=];[=]
818," 7T,11TG ; 5T,11TG ",c.[=];[=]
819," 7T,11TG ; - ",c.[=];[=]
820," 9T,10TG ; 7T,11TG ",c.[=];[=]
821," 7T,10TG ; - ",c.[=];[=]
822," 7T,10TG ; - ",c.[=];[=]
823," 9T,10TG ; 7T,11TG ",c.[=];[=]
824," 7T,11TG ; - ",c.[=];[=]
825," 7T,11TG ; - ",c.[=];[=]
826," 7T,10TG ; 7T,12TG ",c.[=];[=]
827," 7T,11TG ; 7T,12TG ",c.[=];[=]
828," 9T,10TG ; 7T,11TG ",c.[=];[=]
829," 7T,11TG ; 5T,11TG ",c.[=];[=]
830," 7T,11TG ; - ",c.[=];[=]
831," 9T,10TG ; 7T,11TG ",c.[=];[=]
832," 7T,10TG ; 7T,11TG ",c.[=];[=]
833," 7T,10TG ; 7T,11TG ",c.[=];[=]
834," 7T,10TG ; 7T,11TG ",c.[=];[=]
835," 7T,11TG ; - ",c.[=];[=]
836," 7T,10TG ; 7T,11TG ",c.[=];[=]
837," 7T,10TG ; 7T,12TG ",c.[=];[=]
838," 5T,11TG ; 7T,11TG ",c.[=];[=]
839," 7T,11TG ; - ",c.[=];[=]
840," 7T,11TG ; 5T,13TG ",c.[=];[=]
841," 7T,10TG ; 7T,11TG ",c.[=];[=]
842," 9T,10TG ; 7T,11TG ",c.[=];[=]
843," 7T,10TG ; 7T,11TG ",c.[=];[=]
844," 9T,10TG ; 7T,11TG ",c.[=];[=]
845," 7T,11TG ; 7T,12TG ",c.[=];[=]
846," 7T,11TG ; 5T,11TG ",c.[=];[=]
847," 7T,10TG ; 7T,11TG ",c.[=];[=]
848," 7T,10TG ; 7T,11TG ",c.[=];[=]
849," 7T,11TG ; 5T,11TG ",c.[=];[=]
850," 7T,10TG ; 7T,11TG ",c.[=];[=]
851," 7T,11TG ; 9T,10TG ",c.[=];[=]
852," 7T,10TG ; 9T,10TG ",c.[=];[=]
853," 7T,11TG ; - ",c.[=];[=]
854," 7T,10TG ; 7T,11TG ",c.[=];[=]
855," 7T,11TG ; 9T,11TG ",c.[=];[=]
856," 7T,11TG ; - ",c.[=];[=]
857," 7T,10TG ; 7T,11TG ",c.[=];[=]
858," 7T,11TG ; - ",c.[=];[=]
859," 7T,11TG ; - ",c.[=];[=]
860," 7T,10TG ; 7T,11TG ",c.[=];[=]
861," 7T,11TG ; - ",c.[=];[=]
862," 7T,10TG ; 7T,11TG ",c.[=];[=]
863," 9T,10TG ; 7T,11TG ",c.[1521_1523delCTT];[=]
864," 7T,11TG ; 7T,12TG ",c.[=];[=]
865," 9T,10TG ; 7T,10TG ",c.[=];[=]
866," 7T,10TG ; 7T,11TG ",c.[=];[=]
867," 9T,10TG ; 7T,11TG ",c.[=];[=]
868," 9T,11TG ; 7T,12TG ",c.[=];[=]
869," 7T,10TG ; 7T,11TG ",c.[=];[=]
870," 7T,11TG ; - ",c.[=];[=]
871," 7T,11TG ; - ",c.[=];[=]
872," 7T,11TG ; 7T,12TG ",c.[=];[=]
873," 7T,10TG ; 7T,11TG ",c.[=];[=]
874," 7T,11TG ; - ",c.[=];[=]
875," 7T,10TG ; 7T,11TG ",c.[=];[=]
876," 7T,11TG ; 7T,12TG ",c.[=];[=]
877," 7T,10TG ; 7T,12TG ",c.[=];[=]
878," 7T,11TG ; 9T,11TG ",c.[=];[=]
879," 7T,11TG ; - ",c.[=];[=]
880," 7T,10TG ; 7T,11TG ",c.[=];[=]
881," 7T,11TG ; 9T,11TG ",c.[=];[=]
882," 7T,11TG ; - ",c.[=];[=]
883," 7T,12TG ; - ",c.[=];[=]
884," 7T,11TG ; 7T,12TG ",c.[=];[=]
885," 7T,11TG ; - ",c.[=];[=]
886," 7T,11TG ; - ",c.[=];[=]
887," 9T,10TG ; 7T,11TG ",c.[=];[=]
888," 7T,11TG ; - ",c.[=];[=]
889," 7T,11TG ; - ",c.[=];[=]
890," 7T,11TG ; 7T,12TG ",c.[=];[=]
891," 7T,11TG ; - ",c.[=];[=]
892," 7T,10TG ; 7T,11TG ",c.[=];[=]
893," 9T,10TG ; 7T,11TG ",c.[1521_1523delCTT];[=]
894," 7T,11TG ; 7T,12TG ",c.[=];[=]
895," 5T,11TG ; 7T,12TG ",c.[=];[=]
896," 9T,10TG ; 7T,12TG ",c.[=];[=]
897," 7T,11TG ; 7T,12TG ",c.[3705T>G];[=]
898," 7T,10TG ; 7T,11TG ",c.[2057C>A];[=]
899," 7T,11TG ; - ",c.[=];[=]
900," 9T,10TG ; 7T,11TG ",c.[=];[=]
901," 7T,11TG ; - ",c.[=];[=]
902," 5T,11TG ; 7T,12TG ",c.[=];[=]
903," 5T,11TG ; 7T,11TG ",c.[=];[=]
904," 7T,11TG ; 7T,12TG ",c.[=];[=]
905," 5T,11TG ; 7T,11TG ",c.[=];[=]
906," 5T,11TG ; 9T,10TG ",c.[=];[=]
907," 7T,10TG ; - ",c.[=];[=]
908," 7T,11TG ; - ",c.[=];[=]
909," 7T,10TG ; 5T,11TG ",c.[=];[=]
910," 7T,10TG ; 7T,11TG ",c.[=];[=]
911," 7T,11TG ; - ",c.[=];[=]
912," 7T,11TG ; - ",c.[=];[=]
913," 7T,10TG ; 9T,10TG ",c.[=];[=]
914," 7T,11TG ; - ",c.[=];[=]
915," 7T,10TG ; - ",c.[=];[=]
916," 7T,11TG ; - ",c.[=];[=]
917," 7T,10TG ; 7T,11TG ",c.[=];[=]
918," 7T,11TG ; - ",c.[=];[=]
919," 7T,10TG ; 9T,10TG ",c.[=];[=]
920," 7T,11TG ; - ",c.[=];[=]
921," 7T,10TG ; 5T,11TG ",c.[=];[=]
922," 7T,11TG ; - ",c.[=];[=]
923," 7T,10TG ; - ",c.[=];[=]
924," 7T,11TG ; - ",c.[=];[=]
925," 7T,11TG ; - ",c.[=];[=]
926," 7T,12TG ; - ",c.[=];[=]
927," 7T,11TG ; - ",c.[=];[=]
928," 7T,11TG ; 7T,12TG ",c.[=];[=]
929," 7T,10TG ; 9T,10TG ",c.[=];[=]
930," 9T,10TG ; 7T,11TG ",c.[=];[=]
931," 7T,10TG ; 7T,11TG ",c.[=];[=]
932," 7T,10TG ; 9T,10TG ",c.[=];[=]
933," 7T,11TG ; 7T,12TG ",c.[=];[=]
934," 7T,10TG ; 7T,11TG ",c.[=];[=]
935," 7T,10TG ; - ",c.[=];[=]
936," 7T,11TG ; - ",c.[=];[=]
937," 7T,11TG ; 7T,12TG ",c.[=];[=]
938," 7T,11TG ; - ",c.[=];[=]
939," 7T,10TG ; 7T,12TG ",c.[=];[=]
940," 9T,10TG ; - ",c.[=];[=]
941," 9T,10TG ; 7T,11TG ",c.[=];[=]
942," 9T,10TG ; 7T,12TG ",c.[=];[=]
943," 7T,11TG ; 7T,12TG ",c.[=];[=]
944," 7T,12TG ; - ",c.[=];[=]
945," 7T,11TG ; 7T,12TG ",c.[=];[=]
946," 7T,10TG ; 7T,11TG ",c.[=];[=]
947," 7T,12TG ; - ",c.[=];[=]
948," 7T,10TG ; 7T,11TG ",c.[=];[=]
949," 9T,10TG ; 7T,12TG ",c.[=];[=]
950," 7T,10TG ; 7T,11TG ",c.[=];[=]
951," 7T,11TG ; - ",c.[=];[=]
952," 7T,11TG ; 9T,11TG ",c.[=];[=]
953," 7T,11TG ; - ",c.[=];[=]
954," 7T,11TG ; 7T,12TG ",c.[=];[=]
955," 7T,11TG ; 7T,12TG ",c.[=];[=]
956," 7T,10TG ; 7T,11TG ",c.[=];[=]
957," 7T,11TG ; - ",c.[=];[=]
958," 7T,11TG ; - ",c.[=];[=]
959," 7T,11TG ; 5T,11TG ",c.[=];[=]
960," 5T,11TG ; 7T,12TG ",c.[=];[=]
961," 7T,12TG ; 9T,10TG ",c.[=];[=]
962," 7T,11TG ; 7T,12TG ",c.[=];[=]
963," 7T,10TG ; 7T,11TG ",c.[=];[=]
964," 7T,11TG ; - ",c.[=];[=]
965," 7T,11TG ; 7T,12TG ",c.[=];[=]
966," 5T,11TG ; 7T,11TG ",c.[=];[=]
967," 7T,11TG ; 7T,12TG ",c.[=];[=]
968," 7T,11TG ; - ",c.[=];[=]
969," 7T,11TG ; - ",c.[=];[=]
970," 7T,11TG ; 9T,11TG ",c.[=];[=]
971," 7T,11TG ; - ",c.[=];[=]
972," 7T,11TG ; 7T,12TG ",c.[=];[=]
973," 7T,11TG ; - ",c.[=];[=]
974," 7T,10TG ; 7T,11TG ",c.[=];[=]
975," 7T,11TG ; 9T,11TG ",c.[=];[=]
976," 7T,10TG ; 7T,11TG ",c.[=];[=]
977," 7T,11TG ; 7T,12TG ",c.[=];[=]
978," 7T,11TG ; 9T,10TG ",c.[=];[=]
979," 9T,10TG ; 7T,11TG ",c.[=];[=]
980," 7T,11TG ; - ",c.[=];[=]
981," 7T,11TG ; - ",c.[=];[=]
982," 9T,11TG ; - ",c.[=];[=]
983," 7T,11TG ; - ",c.[=];[=]
984," 7T,10TG ; 7T,12TG ",c.[=];[=]
985," 9T,10TG ; 7T,11TG ",c.[1521_1523delCTT];[=]
986," 7T,11TG ; - ",c.[=];[=]
987," 7T,11TG ; - ",c.[=];[=]
988," 5T,11TG ; 9T,11TG ",c.[=];[=]
989," 7T,11TG ; - ",c.[=];[=]
990," 7T,11TG ; 7T,12TG ",c.[=];[=]
991," 7T,11TG ; 9T,10TG ",c.[=];[=]
992," 7T,10TG ; 7T,11TG ",c.[3454G>C];[=]
993," 7T,10TG ; 7T,11TG ",c.[=];[=]
994," 7T,12TG ; 6T,12TG ",c.[=];[=]
995," 9T,10TG ; 7T,11TG ",c.[1521_1523delCTT];[=]
996," 7T,10TG ; 7T,11TG ",c.[=];[=]
997," 7T,10TG ; 7T,11TG ",c.[=];[=]
998," 7T,10TG ; 7T,12TG ",c.[=];[=]
999," 7T,11TG ; 9T,10TG ",c.[=];[=]
1000," 7T,10TG ; 7T,11TG ",c.[=];[=]
1001," 7T,10TG ; - ",c.[=];[=]
1002," 7T,11TG ; 7T,12TG ",c.[=];[=]
1003," 7T,10TG ; 7T,11TG ",c.[=];[=]
1004," 7T,11TG ; 7T,12TG ",c.[=];[=]
1005," 7T,11TG ; - ",c.[=];[=]
1006," 7T,11TG ; 5T,11TG ",c.[=];[=]
1007," 7T,10TG ; 7T,11TG ",c.[=];[=]
1008," 7T,11TG ; 7T,12TG ",c.[=];[=]
1009," 7T,10TG ; 7T,11TG ",c.[=];[=]
1010," 7T,11TG ; 7T,12TG ",c.[=];[=]
1011," 7T,11TG ; - ",c.[=];[=]
1012," 7T,11TG ; 7T,12TG ",c.[=];[=]
1013," 7T,10TG ; 7T,11TG ",c.[=];[=]
1014," 7T,11TG ; 7T,12TG ",c.[=];[=]
1015," 7T,11TG ; 7T,12TG ",c.[=];[=]
1016," 7T,10TG ; 7T,12TG ",c.[=];[=]
1017," 9T,10TG ; 7T,11TG ",c.[=];[=]
1018," 7T,11TG ; - ",c.[=];[=]
1019," 7T,11TG ; - ",c.[=];[=]
1020," 7T,10TG ; 7T,12TG ",c.[=];[=]
1021," 7T,10TG ; 7T,11TG ",c.[=];[=]
1022," 7T,10TG ; 7T,11TG ",c.[=];[=]
1023," 7T,11TG ; - ",c.[=];[=]
1024," 7T,11TG ; - ",c.[=];[=]
1025," 7T,10TG ; 7T,11TG ",c.[=];[=]
1026," 7T,10TG ; - ",c.[=];[=]
1027," 7T,10TG ; 7T,11TG ",c.[=];[=]
1028," 7T,10TG ; 7T,12TG ",c.[=];[=]
1029," 7T,11TG ; 9T,11TG ",c.[=];[=]
1030," 7T,11TG ; 5T,11TG ",c.[=];[=]
1031," 7T,10TG ; 9T,11TG ",c.[1052C>G];[=]
1032," 7T,12TG ; 9T,11TG ",c.[=];[=]
1033," 7T,10TG ; 7T,11TG ",c.[=];[=]
1034," 7T,10TG ; 7T,11TG ",c.[=];[=]
1035," 7T,10TG ; 7T,11TG ",c.[=];[=]
1036," 7T,11TG ; 7T,12TG ",c.[=];[=]
1037," 7T,11TG ; 7T,12TG ",c.[=];[=]
1038," 7T,10TG ; 7T,11TG ",c.[2856G>C];[=]
1039," 7T,12TG ; 9T,10TG ",c.[=];[=]
1040," 9T,10TG ; 7T,11TG ",c.[=];[=]
1041," 7T,11TG ; - ",c.[=];[=]
1042," 7T,10TG ; 9T,10TG ",c.[=];[=]
1043," 7T,11TG ; - ",c.[=];[=]
1044," 7T,11TG ; - ",c.[=];[=]
1045," 7T,11TG ; - ",c.[=];[=]
1046," 7T,11TG ; - ",c.[=];[=]
1047," 7T,10TG ; 7T,11TG ",c.[=];[=]
1048," 7T,11TG ; 7T,12TG ",c.[2756A>G];[=]
1049," 7T,11TG ; 7T,12TG ",c.[=];[=]
1050," 5T,11TG ; 7T,11TG ",c.[=];[=]
1051," 7T,11TG ; 7T,12TG ",c.[=];[=]
1052," 7T,11TG ; 7T,12TG ",c.[=];[=]
1053," 7T,11TG ; 7T,12TG ",c.[=];[=]
1054," 7T,10TG ; 7T,11TG ",c.[=];[=]
1055," 7T,10TG ; 7T,11TG ",c.[=];[=]
1056," 7T,11TG ; - ",c.[=];[=]
1057," 9T,10TG ; 7T,12TG ",c.[=];[=]
1058," 7T,11TG ; 7T,12TG ",c.[=];[=]
1059," 7T,10TG ; - ",c.[348A>A];[=]
1060," 7T,11TG ; - ",c.[=];[=]
1061," 7T,10TG ; 7T,12TG ",c.[=];[=]
1062," 7T,11TG ; - ",c.[=];[=]
1063," 9T,10TG ; 7T,11TG ",c.[=];[=]
1064," 7T,11TG ; - ",c.[=];[=]
1065," 7T,11TG ; - ",c.[=];[=]
1066," 7T,11TG ; - ",c.[=];[=]
1067," 7T,11TG ; - ",c.[=];[=]
1068," 7T,11TG ; 9T,10TG ",c.[=];[=]
1069," 7T,10TG ; 7T,11TG ",c.[=];[=]
1070," 7T,11TG ; - ",c.[=];[=]
1071," 7T,10TG ; 7T,11TG ",c.[=];[=]
1072," 7T,11TG ; 7T,12TG ",c.[=];[=]
1073," 7T,11TG ; - ",c.[=];[=]
1074," 9T,10TG ; 9T,11TG ",c.[=];[=]
1075," 7T,11TG ; 7T,12TG ",c.[=];[=]
1076," 7T,11TG ; - ",c.[=];[=]
1077," 7T,11TG ; - ",c.[=];[=]
1078," 9T,10TG ; 7T,11TG ",c.[=];[=]
1079," 7T,10TG ; 7T,11TG ",c.[=];[=]
1080," 7T,10TG ; 7T,11TG ",c.[=];[=]
1081," 7T,10TG ; 7T,12TG ",c.[=];[=]
1082," 7T,11TG ; 7T,12TG ",c.[=];[=]
1083," 7T,10TG ; 7T,11TG ",c.[=];[=]
1084," 9T,11TG ; 7T,11TG ",c.[=];[=]
1085," 7T,11TG ; - ",c.[=];[=]
1086," 7T,11TG ; - ",c.[=];[=]
1087," 9T,10TG ; 7T,11TG ",c.[=];[=]
1088," 7T,11TG ; - ",c.[=];[=]
1089," 7T,11TG ; - ",c.[=];[=]
1090," 5T,11TG ; 7T,11TG ",c.[=];[=]
1091," 7T,11TG ; 7T,12TG ",c.[=];[=]
1092," 9T,10TG ; - ",c.[=];[=]
1093," 7T,10TG ; 7T,12TG ",c.[=];[=]
1094," 7T,11TG ; - ",c.[=];[=]
1095," 9T,10TG ; 7T,11TG ",c.[=];[=]
1096," 7T,10TG ; 7T,11TG ",c.[=];[=]
1097," 7T,10TG ; 7T,11TG ",c.[=];[=]
1098," 7T,11TG ; - ",c.[=];[=]
1099," 7T,10TG ; 9T,10TG ",c.[=];[=]
1100," 7T,12TG ; - ",c.[=];[=]
1101," 7T,10TG ; 7T,11TG ",c.[=];[=]
1102," 7T,11TG ; - ",c.[=];[=]
1103," 7T,10TG ; 7T,12TG ",c.[=];[=]
1104," 7T,10TG ; - ",c.[=];[=]
1105," 7T,11TG ; - ",c.[=];[=]
1106," 7T,10TG ; 7T,11TG ",c.[=];[=]
1107," 7T,10TG ; 7T,11TG ",c.[=];[=]
1108," 7T,11TG ; - ",c.[=];[=]
1109," 7T,10TG ; 7T,11TG ",c.[=];[=]
1110," 7T,11TG ; 7T,12TG ",c.[=];[=]
1111," 7T,10TG ; - ",c.[=];[=]
1112," 7T,11TG ; - ",c.[=];[=]
1113," 7T,11TG ; - ",c.[=];[=]
1114," 7T,11TG ; - ",c.[=];[=]
1115," 7T,11TG ; - ",c.[=];[=]
1116," 7T,10TG ; 7T,12TG ",c.[=];[=]
1117," 7T,11TG ; - ",c.[=];[=]
1118," 7T,11TG ; 5T,12TG ",c.[=];[=]
1119," 9T,11TG ; 7T,11TG ",c.[=];[=]
1120," 7T,11TG ; 7T,12TG ",c.[=];[=]
1121," 7T,11TG ; 9T,10TG ",c.[1521_1523delCTT];[=]
1122," 7T,11TG ; 7T,12TG ",c.[=];[=]
1123," 9T,10TG ; 7T,11TG ",c.[=];[=]
1124," 7T,10TG ; - ",c.[=];[=]
1125," 7T,10TG ; 7T,11TG ",c.[=];[=]
1126," 7T,10TG ; 7T,11TG ",c.[4367G>A];[=]
1127," 7T,11TG ; - ",c.[=];[=]
1128," 7T,10TG ; 9T,10TG ",c.[=];[=]
1129," 7T,11TG ; 7T,12TG ",c.[=];[=]
1130," 7T,11TG ; 7T,12TG ",c.[=];[=]
1131," 7T,10TG ; - ",c.[=];[=]
1132," 7T,11TG ; - ",c.[=];[=]
1133," 7T,10TG ; 7T,11TG ",c.[=];[=]
1134," 7T,11TG ; - ",c.[=];[=]
1135," 7T,11TG ; 7T,12TG ",c.[=];[=]
1136," 7T,10TG ; 9T,10TG ",c.[=];[=]
1137," 7T,10TG ; 7T,11TG ",c.[=];[=]
1138," 9T,10TG ; 7T,11TG ",c.[=];[=]
1139," 7T,10TG ; - ",c.[=];[=]
1140," 7T,10TG ; 7T,11TG ",c.[=];[=]
1141," 7T,11TG ; - ",c.[=];[=]
1142," 7T,10TG ; 7T,11TG ",c.[=];[=]
1143," 9T,11TG ; 7T,11TG ",c.[=];[=]
1144," 9T,10TG ; 7T,11TG ",c.[=];[=]
1145," 7T,11TG ; - ",c.[=];[=]
1146," 9T,10TG ; 7T,11TG ",c.[=];[=]
1147," 7T,10TG ; - ",c.[=];[=]
1148," 7T,10TG ; 7T,11TG ",c.[=];[=]
1149," 7T,10TG ; 7T,11TG ",c.[=];[=]
1150," 7T,10TG ; - ",c.[=];[=]
1151," 7T,11TG ; 9T,11TG ",c.[=];[=]
1152," 9T,9TG ; 9T,10TG ",c.[=];[=]
1153," 9T,10TG ; 7T,12TG ",c.[=];[=]
1154," 7T,11TG ; - ",c.[=];[=]
1155," 7T,10TG ; 7T,11TG ",c.[=];[=]
1156," 7T,11TG ; - ",c.[=];[=]
1157," 7T,11TG ; 9T,10TG ",c.[=];[=]
1158," 7T,10TG ; 7T,12TG ",c.[=];[=]
1159," 7T,10TG ; 7T,11TG ",c.[997C>T];[=]
1160," 7T,10TG ; 7T,11TG ",c.[=];[=]
1161," 7T,10TG ; 7T,11TG ",c.[=];[=]
1162," 7T,11TG ; 7T,12TG ",c.[=];[=]
1163," 7T,11TG ; 9T,11TG ",c.[=];[=]
1164," 7T,10TG ; 7T,11TG ",c.[=];[=]
1165," 7T,11TG ; 5T,12TG ",c.[=];[=]
1166," 7T,11TG ; - ",c.[=];[=]
1167," 7T,11TG ; - ",c.[=];[=]
1168," 7T,11TG ; - ",c.[=];[=]
1169," 7T,10TG ; 7T,11TG ",c.[=];[=]
1170," 7T,11TG ; - ",c.[=];[=]
1171," 7T,12TG ; - ",c.[=];[=]
1172," 7T,10TG ; 7T,11TG ",c.[=];[=]
1173," 7T,10TG ; 7T,11TG ",c.[=];[=]
1174," 7T,11TG ; 7T,12TG ",c.[=];[=]
1175," 9T,10TG ; 7T,11TG ",c.[=];[=]
1176," 7T,11TG ; - ",c.[=];[=]
1177," 7T,10TG ; 7T,11TG ",c.[=];[=]
1178," 7T,10TG ; 7T,11TG ",c.[=];[=]
1179," 7T,11TG ; - ",c.[=];[=]
1180," 7T,10TG ; 7T,11TG ",c.[=];[=]
1181," 7T,10TG ; 9T,10TG ",c.[=];[=]
1182," 7T,11TG ; 7T,12TG ",c.[=];[=]
1183," 7T,11TG ; - ",c.[=];[=]
1184," 5T,11TG ; 7T,12TG ",c.[=];[=]
1185," 7T,11TG ; 7T,12TG ",c.[=];[=]
1186," 7T,10TG ; 7T,11TG ",c.[=];[=]
1187," 7T,10TG ; - ",c.[=];[=]
1188," 7T,11TG ; - ",c.[=];[=]
1189," 7T,10TG ; 7T,11TG ",c.[=];[=]
1190," 7T,11TG ; - ",c.[=];[=]
1191," 7T,11TG ; 9T,11TG ",c.[=];[=]
1192," 7T,10TG ; 7T,11TG ",c.[=];[=]
1193," 7T,12TG ; - ",c.[=];[=]
1194," 7T,11TG ; 7T,12TG ",c.[=];[=]
1195," 7T,10TG ; 7T,11TG ",c.[=];[=]
1196," 9T,10TG ; 7T,11TG ",c.[=];[=]
1197," 7T,11TG ; - ",c.[960A>T];[=]
1198," 7T,11TG ; - ",c.[=];[=]
1199," 9T,10TG ; 7T,11TG ",c.[=];[=]
1200," 7T,11TG ; - ",c.[=];[=]
1201," 7T,10TG ; 7T,11TG ",c.[=];[=]
1202," 7T,11TG ; 9T,11TG ",c.[=];[=]
1203," 7T,10TG ; 7T,11TG ",c.[=];[=]
1204," 9T,9TG ; 7T,11TG ",c.[=];[=]
1205," 7T,10TG ; 9T,11TG ",c.[=];[=]
1206," 5T,11TG ; 7T,10TG ",c.[=];[=]
1207," 7T,10TG ; 7T,11TG ",c.[=];[=]
1208," 7T,10TG ; 7T,11TG ",c.[=];[=]
1209," 7T,10TG ; 7T,12TG ",c.[=];[=]
1210," 7T,10TG ; 7T,11TG ",c.[=];[=]
1211," 7T,11TG ; 7T,12TG ",c.[=];[=]
1212," 7T,10TG ; 7T,11TG ",c.[=];[=]
1213," 7T,11TG ; 9T,11TG ",c.[=];[=]
1214," 7T,11TG ; 7T,12TG ",c.[=];[=]
1215," 7T,11TG ; 7T,12TG ",c.[=];[=]
1216," 9T,11TG ; 7T,11TG ",c.[=];[=]
1217," 7T,11TG ; - ",c.[=];[=]
1218," 7T,10TG ; 7T,11TG ",c.[=];[=]
1219," 7T,11TG ; 7T,12TG ",c.[=];[=]
1220," 7T,11TG ; - ",c.[=];[=]
1221," 7T,10TG ; 7T,11TG ",c.[=];[=]
1222," 7T,10TG ; - ",c.[=];[=]
1223," 5T,11TG ; 7T,11TG ",c.[=];[=]
1224," 7T,10TG ; 7T,12TG ",c.[=];[=]
1225," 7T,10TG ; 5T,12TG ",c.[=];[=]
1226," 5T,11TG ; 7T,12TG ",c.[=];[=]
1227," 7T,10TG ; - ",c.[=];[=]
1228," 7T,10TG ; 7T,11TG ",c.[=];[=]
1229," 7T,11TG ; 9T,11TG ",c.[=];[=]
1230," 7T,11TG ; 9T,10TG ",c.[=];[=]
1231," 5T,11TG ; 7T,11TG ",c.[=];[=]
1232," 7T,11TG ; - ",c.[=];[=]
1233," 7T,10TG ; - ",c.[=];[=]
1234," 7T,11TG ; - ",c.[=];[=]
1235," 7T,11TG ; - ",c.[=];[=]
1236," 7T,10TG ; 9T,10TG ",c.[=];[=]
1237," 7T,10TG ; - ",c.[=];[=]
1238," 7T,11TG ; 7T,12TG ",c.[=];[=]
1239," 9T,10TG ; 7T,11TG ",c.[1521_1523delCTT(;)1399C>T]
1240," 7T,11TG ; - ",c.[=];[=]
1241," 7T,10TG ; 7T,11TG ",c.[=];[=]
1242," 7T,11TG ; 7T,12TG ",c.[=];[=]
1243," 7T,11TG ; - ",c.[=];[=]
1244," 7T,11TG ; - ",c.[=];[=]
1245," 7T,12TG ; 5T,11TG ",c.[=];[=]
1246," 5T,11TG ; 7T,12TG ",c.[=];[=]
1247," 7T,11TG ; 7T,12TG ",c.[=];[=]
1248," 7T,12TG ; - ",c.[=];[=]
1249," 7T,10TG ; 7T,11TG ",c.[=];[=]
1250," 7T,11TG ; - ",c.[=];[=]
1251," 7T,11TG ; - ",c.[=];[=]
1252," 7T,10TG ; 7T,11TG ",c.[=];[=]
1253," 7T,10TG ; 7T,11TG ",c.[=];[=]
1254," 7T,11TG ; - ",c.[=];[=]
1255," 7T,10TG ; 7T,11TG ",c.[=];[=]
1256," 7T,10TG ; 7T,12TG ",c.[=];[=]
1257," 9T,10TG ; 7T,11TG ",c.[=];[=]
1258," 7T,10TG ; - ",c.[=];[=]
1259," 9T,11TG ; 7T,12TG ",c.[=];[=]
1260," 7T,11TG ; 7T,12TG ",c.[1666A>G];[=]
1261," 7T,11TG ; 9T,10TG ",c.[=];[=]
1262," 7T,10TG ; 7T,11TG ",c.[=];[=]
1263," 7T,10TG ; 7T,11TG ",c.[=];[=]
1264," 7T,10TG ; - ",c.[=];[=]
1265," 7T,11TG ; - ",c.[=];[=]
1266," 7T,10TG ; 7T,11TG ",c.[=];[=]
1267," 7T,10TG ; 7T,11TG ",c.[=];[=]
1268," 7T,10TG ; - ",c.[=];[=]
1269," 7T,11TG ; - ",c.[=];[=]
1270," 7T,10TG ; 7T,11TG ",c.[=];[=]
1271," 9T,10TG ; 7T,12TG ",c.[=];[=]
1272," 7T,11TG ; 7T,12TG ",c.[=];[=]
1273," 7T,11TG ; - ",c.[=];[=]
1274," 7T,10TG ; - ",c.[=];[=]
1275," 7T,11TG ; - ",c.[=];[=]
1276," 7T,11TG ; - ",c.[=];[=]
1277," 7T,11TG ; - ",c.[=];[=]
1278," 7T,10TG ; 7T,11TG ",c.[=];[=]
1279," 7T,11TG ; - ",c.[=];[=]
1280," 7T,11TG ; - ",c.[=];[=]
1281," 7T,10TG ; 7T,12TG ",c.[=];[=]
1282," 9T,10TG ; 7T,11TG ",c.[=];[=]
1283," 7T,10TG ; 7T,11TG ",c.[=];[=]
1284," 7T,11TG ; 7T,12TG ",c.[650A>G];[=]
1285," 9T,10TG ; 7T,11TG ",c.[=];[=]
1286," 7T,10TG ; 7T,11TG ",c.[=];[=]
1287," 7T,10TG ; 7T,11TG ",c.[=];[=]
1288," 7T,11TG ; 7T,12TG ",c.[=];[=]
1289," 7T,11TG ; 7T,12TG ",c.[=];[=]
1290," 7T,11TG ; - ",c.[=];[=]
1291," 7T,10TG ; 7T,11TG ",c.[=];[=]
1292," 7T,11TG ; 9T,11TG ",c.[=];[=]
1293," 7T,10TG ; 7T,11TG ",c.[=];[=]
1294," 7T,10TG ; 7T,12TG ",c.[=];[=]
1295," 7T,11TG ; 5T,11TG ",c.[=];[=]
1296," 7T,10TG ; 7T,11TG ",c.[=];[=]
1297," 7T,11TG ; - ",c.[=];[=]
1298," 7T,11TG ; 7T,12TG ",c.[=];[=]
1299," 7T,11TG ; - ",c.[=];[=]
1300," 7T,11TG ; - ",c.[=];[=]
1301," 7T,11TG ; - ",c.[=];[=]
1302," 7T,11TG ; - ",c.[=];[=]
1303," 7T,10TG ; 7T,11TG ",c.[=];[=]
1304," 7T,10TG ; 7T,11TG ",c.[=];[=]
1305," 7T,11TG ; - ",c.[=];[=]
1306," 7T,11TG ; 7T,12TG ",c.[=];[=]
1307," 7T,11TG ; 7T,12TG ",c.[=];[=]
1308," 7T,11TG ; 7T,12TG ",c.[=];[=]
1309," 7T,10TG ; 7T,11TG ",c.[=];[=]
1310," 7T,11TG ; - ",c.[=];[=]
1311," 7T,11TG ; - ",c.[=];[=]
1312," 7T,10TG ; 7T,12TG ",c.[=];[=]
1313," 7T,10TG ; 7T,11TG ",c.[=];[=]
1314," 7T,11TG ; 7T,12TG ",c.[=];[=]
1315," 7T,10TG ; 7T,11TG ",c.[=];[=]
1316," 7T,11TG ; - ",c.[=];[=]
1317," 7T,11TG ; 7T,12TG ",c.[=];[=]
1318," 5T,11TG ; 9T,10TG ",c.[=];[=]
1319," 7T,10TG ; 7T,11TG ",c.[=];[=]
1320," 7T,11TG ; - ",c.[=];[=]
1321," 7T,11TG ; 7T,12TG ",c.[3705T>G];[=]
1322," 7T,10TG ; 9T,10TG ",c.[=];[=]
1323," 7T,11TG ; 7T,12TG ",c.[=];[=]
1324," 7T,11TG ; 9T,11TG ",c.[=];[=]
1325," 7T,10TG ; 7T,11TG ",c.[=];[=]
1326," 7T,10TG ; 9T,11TG ",c.[=];[=]
1327," 7T,11TG ; - ",c.[=];[=]
1328," 7T,11TG ; 5T,11TG ",c.[=];[=]
1329," 7T,10TG ; 7T,11TG ",c.[=];[=]
1330," 7T,11TG ; 9T,11TG ",c.[=];[=]
1331," 7T,11TG ; - ",c.[=];[=]
1332," 7T,10TG ; 7T,11TG ",c.[=];[=]
1333," 7T,11TG ; 7T,12TG ",c.[=];[=]
1334," 9T,10TG ; 7T,12TG ",c.[=];[=]
1335," 7T,10TG ; 7T,11TG ",c.[=];[=]
1336," 7T,11TG ; 7T,12TG ",c.[=];[=]
1337," 5T,11TG ; 7T,11TG ",c.[=];[=]
1338," 7T,11TG ; 7T,12TG ",c.[=];[=]
1339," 7T,11TG ; - ",c.[=];[=]
1340," 7T,10TG ; 7T,11TG ",c.[=];[=]
1341," 7T,10TG ; 7T,11TG ",c.[=];[=]
1342," 7T,11TG ; 7T,12TG ",c.[=];[=]
1343," 7T,10TG ; - ",c.[=];[=]
1344," 5T,11TG ; 7T,11TG ",c.[=];[=]
1345," 7T,10TG ; - ",c.[=];[=]
1346," 7T,11TG ; - ",c.[=];[=]
1347," 7T,11TG ; 7T,12TG ",c.[=];[=]
1348," 7T,11TG ; 9T,10TG ",c.[1521_1523delCTT];[=]
1349," 7T,11TG ; - ",c.[=];[=]
1350," 7T,10TG ; - ",c.[=];[=]
1351," 7T,11TG ; 7T,12TG ",c.[=];[=]
1352," 7T,10TG ; 9T,11TG ",c.[=];[=]
1353," 7T,11TG ; - ",c.[=];[=]
1354," 7T,11TG ; 7T,12TG ",c.[=];[=]
1355," 7T,11TG ; 7T,12TG ",c.[=];[=]
1356," 7T,10TG ; - ",c.[=];[=]
1357," 7T,10TG ; 7T,11TG ",c.[=];[=]
1358," 7T,11TG ; - ",c.[=];[=]
1359," 7T,11TG ; - ",c.[=];[=]
1360," 7T,11TG ; - ",c.[=];[=]
1361," 7T,11TG ; - ",c.[=];[=]
1362," 7T,10TG ; 7T,11TG ",c.[=];[=]
1363," 7T,11TG ; - ",c.[=];[=]
1364," 7T,10TG ; 7T,11TG ",c.[2900T>C];[=]
1365," 9T,10TG ; 7T,12TG ",c.[=];[=]
1366," 7T,10TG ; 7T,12TG ",c.[=];[=]
1367," 7T,11TG ; 7T,12TG ",c.[=];[=]
1368," 9T,10TG ; 7T,11TG ",c.[=];[=]
1369," 7T,10TG ; 7T,11TG ",c.[=];[=]
1370," 7T,11TG ; - ",c.[=];[=]
1371," 7T,11TG ; - ",c.[=];[=]
1372," 7T,11TG ; - ",c.[=];[=]
1373," 9T,10TG ; - ",c.[=];[=]
1374," 7T,11TG ; - ",c.[=];[=]
1375," 7T,10TG ; 7T,11TG ",c.[=];[=]
1376," 7T,11TG ; - ",c.[=];[=]
1377," 7T,11TG ; - ",c.[=];[=]
1378," 7T,10TG ; 7T,11TG ",c.[=];[=]
1379," 7T,11TG ; - ",c.[=];[=]
1380," 5T,11TG ; 7T,11TG ",c.[=];[=]
1381," 7T,11TG ; 7T,12TG ",c.[=];[=]
1382," 7T,10TG ; 7T,11TG ",c.[=];[=]
1383," 7T,10TG ; 7T,12TG ",c.[=];[=]
1384," 7T,10TG ; 7T,11TG ",c.[=];[=]
1385," 7T,10TG ; 7T,11TG ",c.[=];[=]
1386," 7T,11TG ; - ",c.[=];[=]
1387," 7T,11TG ; - ",c.[=];[=]
1388," 7T,12TG ; - ",c.[=];[=]
1389," 7T,10TG ; 7T,12TG ",c.[=];[=]
1390," 9T,10TG ; 7T,11TG ",c.[1624G>T];[=]
1391," 7T,11TG ; 7T,12TG ",c.[=];[=]
1392," 7T,11TG ; - ",c.[=];[=]
1393," 7T,10TG ; 7T,11TG ",c.[=];[=]
1394," 9T,10TG ; 7T,10TG ",c.[=];[=]
1395," 7T,11TG ; - ",c.[=];[=]
1396," 7T,10TG ; - ",c.[350G>A];[=]
1397," 7T,12TG ; - ",c.[1163C>T];[=]
1398," 7T,10TG ; 7T,12TG ",c.[350G>A];[=]
1399," 5T,11TG ; 7T,10TG ",c.[=];[=]
1400," 7T,11TG ; 5T,12TG ",c.[=];[=]
1401," 7T,10TG ; 7T,11TG ",c.[=];[=]
1402," 7T,10TG ; 7T,11TG ",c.[=];[=]
1403," 7T,11TG ; - ",c.[=];[=]
1404," 7T,11TG ; - ",c.[=];[=]
1405," 5T,11TG ; 7T,11TG ",c.[=];[=]
1406," 5T,11TG ; 7T,11TG ",c.[=];[=]
1407," 7T,10TG ; 5T,11TG ",c.[=];[=]
1408," 7T,10TG ; 7T,11TG ",c.[=];[=]
1409," 7T,11TG ; 9T,11TG ",c.[=];[=]
1410," 9T,10TG ; 7T,11TG ",c.[1521_1523delCTT];[=]
1411," 7T,10TG ; 7T,12TG ",c.[=];[=]
1412," 7T,11TG ; - ",c.[=];[=]
1413," 7T,10TG ; 7T,11TG ",c.[2245C>T];[=]
1414," 7T,11TG ; - ",c.[=];[=]
1415," 9T,10TG ; 7T,11TG ",c.[=];[=]
1416," 7T,11TG ; 9T,10TG ",c.[1521_1523delCTT];[=]
1417," 7T,11TG ; 7T,12TG ",c.[1163C>T];[=]
1418," 7T,11TG ; - ",c.[=];[=]
1419," 7T,10TG ; 7T,11TG ",c.[=];[=]
1420," 5T,11TG ; 7T,10TG ",c.[2571G>T];[=]
1421," 7T,11TG ; 7T,12TG ",c.[=];[=]
1422," 9T,10TG ; 9T,11TG ",c.[=];[=]
1423," 7T,10TG ; 9T,10TG ",c.[1521_1523delCTT];[=]
1424," 7T,10TG ; 7T,11TG ",c.[=];[=]
1425," 7T,10TG ; 7T,11TG ",c.[=];[=]
1426," 5T,11TG ; 7T,11TG ",c.[=];[=]
1427," 7T,11TG ; - ",c.[=];[=]
1428," 5T,11TG ; 7T,10TG ",c.[=];[=]
1429," 7T,10TG ; 7T,11TG ",c.[=];[=]
1430," 7T,11TG ; 9T,10TG ",c.[=];[=]
1431," 7T,10TG ; 7T,12TG ",c.[=];[=]
1432," 7T,10TG ; 9T,11TG ",c.[=];[=]
1433," 7T,11TG ; - ",c.[=];[=]
1435," 7T,11TG ; - ",c.[=];[=]
1436," 7T,10TG ; 7T,11TG ",c.[=];[=]
1437," 7T,11TG ; 7T,12TG ",c.[=];[=]
1438," 9T,10TG ; 7T,11TG ",c.[=];[=]
1439," 9T,10TG ; 7T,12TG ",c.[=];[=]
1440," 7T,11TG ; 9T,10TG ",c.[=];[=]
1441," 7T,10TG ; 7T,11TG ",c.[=];[=]
1442," 7T,10TG ; 7T,11TG ",c.[=];[=]
1443," 7T,10TG ; 7T,12TG ",c.[=];[=]
1444," 7T,10TG ; 7T,11TG ",c.[=];[=]
1445," 7T,12TG ; 7T,11TG ",c.[=];[=]
1446," 5T,11TG ; 5T,13TG ",c.[=];[=]
1447," 9T,10TG ; 7T,11TG ",c.[=];[=]
1448," 7T,11TG ; - ",c.[=];[=]
1449," 7T,10TG ; 9T,10TG ",c.[1521_1523delCTT];[=]
1450," 7T,11TG ; - ",c.[=];[=]
1451," 7T,11TG ; - ",c.[=];[=]
1452," 7T,11TG ; - ",c.[=];[=]
1453," 7T,11TG ; 7T,12TG ",c.[=];[=]
1454," 5T,11TG ; 7T,11TG ",c.[=];[=]
1455," 7T,11TG ; 7T,12TG ",c.[=];[=]
1456," 7T,11TG ; 7T,12TG ",c.[=];[=]
1457," 7T,10TG ; 7T,11TG ",c.[=];[=]
1458," 7T,11TG ; 9T,10TG ",c.[1521_1523delCTT];[=]
1459," 7T,11TG ; - ",c.[=];[=]
1460," 9T,10TG ; 7T,11TG ",c.[=];[=]
1461," 9T,10TG ; 7T,11TG ",c.[1521_1523delCTT];[=]
1462," 7T,11TG ; - ",c.[=];[=]
1463," 7T,10TG ; 7T,11TG ",c.[=];[=]
1464," 7T,11TG ; 9T,11TG ",c.[=];[=]
1465," 7T,11TG ; - ",c.[=];[=]
1466," 7T,11TG ; - ",c.[=];[=]
1467," 9T,10TG ; 7T,11TG ",c.[=];[=]
1468," 7T,10TG ; 7T,11TG ",c.[=];[=]
1469," 7T,12TG ; - ",c.[=];[=]
1470," 7T,12TG ; 9T,11TG ",c.[=];[=]
1471," 7T,11TG ; - ",c.[=];[=]
1472," 7T,11TG ; - ",c.[=];[=]
1473," 7T,10TG ; 7T,11TG ",c.[=];[=]
1474," 7T,10TG ; 5T,11TG ",c.[=];[=]
1475," 7T,11TG ; - ",c.[=];[=]
1476," 7T,11TG ; - ",c.[=];[=]
1477," 7T,11TG ; 9T,10TG ",c.[=];[=]
1478," 7T,11TG ; - ",c.[=];[=]
1479," 7T,11TG ; 7T,12TG ",c.[=];[=]
1480," 7T,10TG ; 7T,11TG ",c.[=];[=]
1481," 7T,11TG ; - ",c.[=];[=]
1482," 7T,10TG ; 7T,11TG ",c.[=];[=]
1483," 7T,11TG ; - ",c.[=];[=]
1484," 9T,10TG ; 7T,11TG ",c.[=];[=]
1485," 7T,11TG ; - ",c.[=];[=]
1486," 7T,11TG ; 7T,12TG ",c.[=];[=]
1487," 7T,10TG ; 7T,11TG ",c.[=];[=]
1488," 7T,11TG ; - ",c.[=];[=]
1489," 7T,11TG ; - ",c.[=];[=]
1490," 7T,11TG ; - ",c.[=];[=]
1491," 7T,11TG ; 7T,12TG ",c.[960A>T];[=]
1492," 7T,11TG ; - ",c.[=];[=]
1493," 7T,11TG ; - ",c.[=];[=]
1494," 7T,10TG ; 7T,12TG ",c.[=];[=]
1495," 5T,11TG ; 7T,11TG ",c.[=];[=]
1496," 7T,10TG ; 7T,11TG ",c.[=];[=]
1497," 7T,10TG ; 7T,11TG ",c.[=];[=]
1498," 7T,10TG ; 7T,11TG ",c.[=];[=]
1499," 7T,10TG ; 7T,11TG ",c.[=];[=]
1500," 7T,11TG ; - ",c.[=];[=]
1501," 9T,10TG ; 7T,11TG ",c.[=];[=]
1502," 7T,11TG ; 9T,11TG ",c.[=];[=]
1503," 7T,10TG ; 7T,11TG ",c.[=];[=]
1504," 7T,10TG ; 5T,11TG ",c.[=];[=]
1505," 7T,11TG ; - ",c.[=];[=]
1506," 7T,10TG ; 7T,11TG ",c.[=];[=]
1507," 7T,10TG ; 7T,12TG ",c.[=];[=]
1508," 5T,11TG ; 9T,11TG ",c.[=];[=]
1509," 9T,10TG ; 7T,11TG ",c.[1521_1523delCTT];[=]
1510," 9T,10TG ; 7T,11TG ",c.[=];[=]
1511," 7T,10TG ; 7T,11TG ",c.[=];[=]
1512," 7T,10TG ; 7T,12TG ",c.[=];[=]
1513," 7T,10TG ; 9T,10TG ",c.[=];[=]
1514," 7T,11TG ; - ",c.[=];[=]
1515," 7T,12TG ; 5T,12TG ",c.[650A>G];[=]
1516," 7T,11TG ; 7T,10TG ",c.[=];[=]
1517," 9T,10TG ; 7T,11TG ",c.[=];[=]
1518," 7T,11TG ; - ",c.[=];[=]
1519," 9T,10TG ; - ",c.[=];[=]
1520," 7T,11TG ; - ",c.[3674C>T];[=]
1521," 7T,10TG ; 7T,11TG ",c.[=];[=]
1522," 7T,11TG ; 7T,12TG ",c.[=];[=]
1523," 7T,11TG ; 9T,10TG ",c.[1521_1523delCTT];[=]
1524," 7T,11TG ; - ",c.[=];[=]
1525," 7T,10TG ; 7T,12TG ",c.[=];[=]
1526," 7T,10TG ; 7T,11TG ",c.[=];[=]
1527," 7T,11TG ; - ",c.[=];[=]
1528," 7T,11TG ; - ",c.[=];[=]
1529," 7T,11TG ; 7T,12TG ",c.[=];[=]
1530," 7T,10TG ; 7T,11TG ",c.[=];[=]
1531," 7T,10TG ; 7T,12TG ",c.[=];[=]
1532," 7T,11TG ; 5T,11TG ",c.[=];[=]
1533," 7T,11TG ; - ",c.[=];[=]
1534," 7T,10TG ; 5T,11TG ",c.[=];[=]
1535," 7T,11TG ; 9T,11TG ",c.[=];[=]
1536," 7T,10TG ; 9T,10TG ",c.[1624G>T];[=]
1537," 7T,10TG ; 7T,11TG ",c.[=];[=]
1538," 5T,11TG ; 7T,11TG ",c.[=];[=]
1539," 7T,11TG ; 9T,11TG ",c.[=];[=]
1540," 9T,10TG ; 7T,11TG ",c.[=];[=]
1541," 7T,11TG ; 7T,12TG ",c.[=];[=]
1542," 7T,11TG ; - ",c.[=];[=]
1543," 7T,11TG ; 7T,12TG ",c.[=];[=]
1544," 9T,11TG ; 7T,11TG ",c.[=];[=]
1545," 7T,11TG ; - ",c.[=];[=]
1546," 7T,11TG ; - ",c.[=];[=]
1547," 9T,10TG ; 9T,11TG ",c.[=];[=]
1548," 7T,10TG ; 5T,11TG ",c.[=];[=]
1549," 7T,10TG ; 7T,11TG ",c.[=];[=]
1550," 7T,10TG ; 7T,11TG ",c.[=];[=]
1551," 7T,10TG ; 7T,12TG ",c.[=];[=]
1552," 7T,11TG ; - ",c.[=];[=]
1553," 7T,11TG ; - ",c.[=];[=]
1554," 7T,11TG ; 9T,11TG ",c.[3451A>G];[=]
1555," 7T,11TG ; - ",c.[=];[=]
1556," 7T,10TG ; 5T,11TG ",c.[=];[=]
1557," 7T,11TG ; - ",c.[54-5940_273+10250del21kb];[=]
1558," 7T,10TG ; 7T,11TG ",c.[=];[=]
1559," 7T,10TG ; 7T,11TG ",c.[=];[=]
1560," 7T,10TG ; 7T,12TG ",c.[=];[=]
1561," 7T,11TG ; 7T,12TG ",c.[=];[=]
1562," 7T,11TG ; - ",c.[=];[=]
1563," 7T,10TG ; 7T,12TG ",c.[=];[=]
1564," 7T,10TG ; - ",c.[=];[=]
1565," 7T,10TG ; 7T,11TG ",c.[=];[=]
1566," 7T,11TG ; - ",c.[=];[=]
1567," 7T,11TG ; - ",c.[=];[=]
1568," 7T,11TG ; 7T,12TG ",c.[=];[=]
1569," 7T,10TG ; 7T,12TG ",c.[=];[=]
1570," 7T,10TG ; 9T,10TG ",c.[=];[=]
1571," 7T,10TG ; - ",c.[=];[=]
1572," 7T,10TG ; 7T,11TG ",c.[=];[=]
